Workbook

Sheet Overview, 20% O2
A1: Conversion mass%
B2: TEMP / FEEDSTOCK | C2: BRF500 | D2: WS500 | E2: PW500
A3: 100-end | B3: 200 (Odin) | C3: =100-'All Data, BRF500 20% O2'!E483 -> -0.24234 | D3: =100-'All Data, WS500 20% O2'!E485 -> -0.88166 | E3: =100-'All Data, PW500, 20% O2'!D485 -> -2.73219
B4: 225 (Sif) | C4: =100-'All Data, BRF500 20% O2'!L483 -> 6.05324 | D4: =100-'All Data, WS500 20% O2'!K485 -> 2.49587 | E4: =100-'All Data, PW500, 20% O2'!J485 -> -0.93103
B5: 250 (Sif) | C5: =100-'All Data, BRF500 20% O2'!Z1203 -> 18.41455 | D5: =100-'All Data, WS500 20% O2'!W1205 -> 12.50453 | E5: =100-'All Data, PW500, 20% O2'!V1205 -> -1.1356
A9: Conversion, X_C
B10: TEMP/FEEDSTOCK | C10: BRF500 | D10: WS500 | E10: PW500
B11: 200 (Odin) | C11: ='All Data, BRF500 20% O2'!F483 -> 0.0079895093 | D11: ='All Data, WS500 20% O2'!F485 -> 0.0017342515 | E11: ='All Data, PW500, 20% O2'!E485 -> 0.00059086391
B12: 225 (Sif) | C12: ='All Data, BRF500 20% O2'!M483 -> 0.10909445 | D12: ='All Data, WS500 20% O2'!L485 -> 0.034816002 | E12: ='All Data, PW500, 20% O2'!K485 -> 0.0051481576
B13: 250 (Sif) | C13: ='All Data, BRF500 20% O2'!AA1203 -> 0.31419213 | D13: ='All Data, WS500 20% O2'!X1205 -> 0.15781484 | E13: ='All Data, PW500, 20% O2'!W1205 -> 0.009912384
A16: Difference between Odin and Sif, corrected Mass%
B18: Temp/Feedstock | C18: BRF500 | D18: WS500 | E18: PW500 | F18: Mean
B19: 225 | C19: ='All Data, BRF500 20% O2'!S483-'All Data, BRF500 20% O2'!L483 -> 4.02155 | D19: ='All Data, WS500 20% O2'!Q485-'All Data, WS500 20% O2'!K485 -> 2.93008 | E19: ='All Data, PW500, 20% O2'!P485-'All Data, PW500, 20% O2'!J485 -> 2.16105 | F19: =AVERAGE(C19:E19) -> 3.03756
B20: 250 | C20: ='All Data, BRF500 20% O2'!AG1203-'All Data, BRF500 20% O2'!Z1203 -> 5.03834 | D20: ='All Data, WS500 20% O2'!AC1205-'All Data, WS500 20% O2'!W1205 -> 6.24911 | E20: ='All Data, PW500, 20% O2'!AB1205-'All Data, PW500, 20% O2'!V1205 -> 2.38273 | F20: =AVERAGE(C20:E20) -> 4.5567267

Sheet All Data, BRF500 20% O2
M1: Ash fraction: | N1: =40.08/100 -> 0.4008
C2: 200C Odin | J2: 225 Sif | Q2: 225 Odin | X2: 250 Sif | AE2: 250 Odin | AK2: Linear (1) | AQ2: Linear (2) | AW2: Linear (Real, Used)
B3: TEMP | C3: CORRECTED TIME | D3: MASS% | E3: CORRECTED MASS% | F3: X_C FROM TOP-POINT | I3: TEMP | J3: CORRECTED TIME | K3: MASS% | L3: CORRECTED MASS% | M3: X_C FROM TOP-POINT | P3: TEMP | Q3: CORRECTED TIME | R3: MASS% | S3: CORRECTED MASS% | T3: X_C FROM TOP-POINT | W3: TEMP | X3: CORRECTED TIME | Y3: MASS% | Z3: CORRECTED MASS% | AA3: X_C FROM TOP-POINT | AD3: TEMP | AE3: CORRECTED TIME | AF3: MASS% | AG3: CORRECTED MASS% | AH3: X_C FROM TOP-POINT | AK3: TEMP | AL3: TIME | AM3: MASS% | AN3: CORRECTED MASS% | AO3: X_C | AQ3: TEMP | AR3: TIME | AS3: MASS% | AT3: CORRECTED MASS% | AU3: X_C | AW3: TEMP | AX3: TIME | AY3: MASS% | AZ3: CORRECTED MASS
B4: 200.11103 | C4: 0 | D4: 98.87356 | E4: =100-($D$4-D4) -> 100 | I4: 225.00028 | J4: 0 | K4: 96.41293 | L4: =100-($K$4-K4) -> 100 | P4: 224.99323 | Q4: 0 | R4: 100.07582 | S4: =100-($R$4-R4) -> 100 | W4: 250.00303 | X4: 0 | Y4: 94.55917 | Z4: =100-($Y$4-Y4) -> 100 | AD4: 250.02995 | AE4: 0 | AF4: 99.73851 | AG4: =100-($AF$4-AF4) -> 100 | AK4: 105.19646 | AL4: 0 | AM4: 97.41378 | AN4: =100-($AM$4-AM4) -> 100 | AQ4: 106.4888 | AR4: 0 | AS4: 97.04127 | AT4: =100-($AS$4-AS4) -> 100 | AW4: 88.62146 | AX4: 0 | AY4: 98.33435 | AZ4: =100-($AY$4-AY4) -> 100
B5: 202.31092 | C5: 0.5 | D5: 98.94037 | E5: =100-($D$4-D5) -> 100.06681 | I5: 225.21155 | J5: 0.5 | K5: 96.48939 | L5: =100-($K$4-K5) -> 100.07646 | P5: 227.11912 | Q5: 0.5 | R5: 99.77134 | S5: =100-($R$4-R5) -> 99.69552 | W5: 250.2797 | X5: 0.5 | Y5: 94.69285 | Z5: =100-($Y$4-Y5) -> 100.13368 | AD5: 250.07247 | AE5: 0.5 | AF5: 99.90597 | AG5: =100-($AF$4-AF5) -> 100.16746 | AK5: 106.44304 | AL5: 0.5 | AM5: 97.47028 | AN5: =100-($AM$4-AM5) -> 100.0565 | AQ5: 108.3845 | AR5: 0.5 | AS5: 97.03598 | AT5: =100-($AS$4-AS5) -> 99.99471 | AW5: 91.15437 | AX5: 0.5 | AY5: 98.39046 | AZ5: =100-($AY$4-AY5) -> 100.05611
B6: 204.03914 | C6: 1 | D6: 99.04353 | E6: =100-($D$4-D6) -> 100.16997 | I6: 225.37519 | J6: 1 | K6: 96.64386 | L6: =100-($K$4-K6) -> 100.23093 | P6: 228.69852 | Q6: 1 | R6: 100.08382 | S6: =100-($R$4-R6) -> 100.008 | W6: 250.52506 | X6: 1 | Y6: 94.85752 | Z6: =100-($Y$4-Y6) -> 100.29835 | AD6: 250.14172 | AE6: 1 | AF6: 100.12373 | AG6: =100-($AF$4-AF6) -> 100.38522 | AK6: 108.34565 | AL6: 1 | AM6: 97.4546 | AN6: =100-($AM$4-AM6) -> 100.04082 | AQ6: 110.69308 | AR6: 1 | AS6: 97.02876 | AT6: =100-($AS$4-AS6) -> 99.98749 | AW6: 94.84196 | AX6: 1 | AY6: 98.34933 | AZ6: =100-($AY$4-AY6) -> 100.01498
B7: 205.16368 | C7: 1.5 | D7: 99.1012 | E7: =100-($D$4-D7) -> 100.22764 | I7: 225.34948 | J7: 1.5 | K7: 96.72727 | L7: =100-($K$4-K7) -> 100.31434 | P7: 229.64314 | Q7: 1.5 | R7: 100.08121 | S7: =100-($R$4-R7) -> 100.00539 | W7: 250.48583 | X7: 1.5 | Y7: 94.96108 | Z7: =100-($Y$4-Y7) -> 100.40191 | AD7: 250.17527 | AE7: 1.5 | AF7: 100.19843 | AG7: =100-($AF$4-AF7) -> 100.45992 | AK7: 110.67225 | AL7: 1.5 | AM7: 97.46064 | AN7: =100-($AM$4-AM7) -> 100.04686 | AQ7: 113.24532 | AR7: 1.5 | AS7: 97.04334 | AT7: =100-($AS$4-AS7) -> 100.00207 | AU7: =($AT$7-AT7)/($AT$7*(1-$N$1)) -> 0 | AW7: 98.92243 | AX7: 1.5 | AY7: 98.36457 | AZ7: =100-($AY$4-AY7) -> 100.03022
B8: 205.76915 | C8: 2 | D8: 99.1657 | E8: =100-($D$4-D8) -> 100.29214 | I8: 225.25546 | J8: 2 | K8: 96.80404 | L8: =100-($K$4-K8) -> 100.39111 | P8: 230.09608 | Q8: 2 | R8: 100.06466 | S8: =100-($R$4-R8) -> 99.98884 | W8: 250.35082 | X8: 2 | Y8: 95.0319 | Z8: =100-($Y$4-Y8) -> 100.47273 | AD8: 250.16636 | AE8: 2 | AF8: 100.15464 | AG8: =100-($AF$4-AF8) -> 100.41613 | AK8: 113.23278 | AL8: 2 | AM8: 97.47775 | AN8: =100-($AM$4-AM8) -> 100.06397 | AO8: =($AN$8-AN8)/($AN$8*(1-$N$1)) -> 0 | AQ8: 115.92513 | AR8: 2 | AS8: 97.03246 | AT8: =100-($AS$4-AS8) -> 99.99119 | AU8: =($AT$7-AT8)/($AT$7*(1-$N$1)) -> 0.00018157168 | AW8: 102.96055 | AX8: 2 | AY8: 98.37394 | AZ8: =100-($AY$4-AY8) -> 100.03959
B9: 206.02692 | C9: 2.5 | D9: 99.20744 | E9: =100-($D$4-D9) -> 100.33388 | I9: 225.15757 | J9: 2.5 | K9: 96.83488 | L9: =100-($K$4-K9) -> 100.42195 | P9: 230.26029 | Q9: 2.5 | R9: 100.14502 | S9: =100-($R$4-R9) -> 100.0692 | W9: 250.21381 | X9: 2.5 | Y9: 95.04537 | Z9: =100-($Y$4-Y9) -> 100.4862 | AD9: 250.13445 | AE9: 2.5 | AF9: 100.26729 | AG9: =100-($AF$4-AF9) -> 100.52878 | AH9: =($AG$9-AG9)/($AG$9*(1-$N$1)) -> 0 | AK9: 115.91846 | AL9: 2.5 | AM9: 97.46638 | AN9: =100-($AM$4-AM9) -> 100.0526 | AO9: =($AN$8-AN9)/($AN$8*(1-$N$1)) -> 0.0001896317 | AQ9: 118.6589 | AR9: 2.5 | AS9: 97.02265 | AT9: =100-($AS$4-AS9) -> 99.98138 | AU9: =($AT$7-AT9)/($AT$7*(1-$N$1)) -> 0.00034528658 | AW9: 106.68785 | AX9: 2.5 | AY9: 98.39102 | AZ9: =100-($AY$4-AY9) -> 100.05667
B10: 206.08526 | C10: 3 | D10: 99.29296 | E10: =100-($D$4-D10) -> 100.4194 | I10: 225.07777 | J10: 3 | K10: 96.83857 | L10: =100-($K$4-K10) -> 100.42564 | P10: 230.29175 | Q10: 3 | R10: 100.17519 | S10: =100-($R$4-R10) -> 100.09937 | W10: 250.10079 | X10: 3 | Y10: 95.06056 | Z10: =100-($Y$4-Y10) -> 100.50139 | AD10: 250.10866 | AE10: 3 | AF10: 100.10891 | AG10: =100-($AF$4-AF10) -> 100.3704 | AH10: =($AG$9-AG10)/($AG$9*(1-$N$1)) -> 0.0026292878 | AK10: 118.65761 | AL10: 3 | AM10: 97.46712 | AN10: =100-($AM$4-AM10) -> 100.05334 | AO10: =($AN$8-AN10)/($AN$8*(1-$N$1)) -> 0.00017728979 | AQ10: 121.41116 | AR10: 3 | AS10: 97.00079 | AT10: =100-($AS$4-AS10) -> 99.95952 | AU10: =($AT$7-AT10)/($AT$7*(1-$N$1)) -> 0.00071009879 | AW10: 110.01201 | AX10: 3 | AY10: 98.37021 | AZ10: =100-($AY$4-AY10) -> 100.03586
B11: 206.03246 | C11: 3.5 | D11: 99.25693 | E11: =100-($D$4-D11) -> 100.38337 | I11: 225.02272 | J11: 3.5 | K11: 96.88645 | L11: =100-($K$4-K11) -> 100.47352 | P11: 230.26492 | Q11: 3.5 | R11: 100.1371 | S11: =100-($R$4-R11) -> 100.06128 | W11: 250.01891 | X11: 3.5 | Y11: 95.06653 | Z11: =100-($Y$4-Y11) -> 100.50736 | AA11: =($Z$11-Z11)/($Z$11*(1-$N$1)) -> 0 | AD11: 250.09214 | AE11: 3.5 | AF11: 100.14182 | AG11: =100-($AF$4-AF11) -> 100.40331 | AH11: =($AG$9-AG11)/($AG$9*(1-$N$1)) -> 0.0020829444 | AK11: 121.41877 | AL11: 3.5 | AM11: 97.44808 | AN11: =100-($AM$4-AM11) -> 100.0343 | AO11: =($AN$8-AN11)/($AN$8*(1-$N$1)) -> 0.00049484366 | AQ11: 124.15429 | AR11: 3.5 | AS11: 96.98214 | AT11: =100-($AS$4-AS11) -> 99.94087 | AU11: =($AT$7-AT11)/($AT$7*(1-$N$1)) -> 0.0010213407 | AW11: 112.91452 | AX11: 3.5 | AY11: 98.31847 | AZ11: =100-($AY$4-AY11) -> 99.98412
B12: 205.90749 | C12: 4 | D12: 99.28542 | E12: =100-($D$4-D12) -> 100.41186 | I12: 224.98786 | J12: 4 | K12: 96.90602 | L12: =100-($K$4-K12) -> 100.49309 | P12: 230.19832 | Q12: 4 | R12: 100.1304 | S12: =100-($R$4-R12) -> 100.05458 | W12: 249.96587 | X12: 4 | Y12: 95.06433 | Z12: =100-($Y$4-Y12) -> 100.50516 | AA12: =($Z$11-Z12)/($Z$11*(1-$N$1)) -> 3.6530281e-05 | AD12: 250.07831 | AE12: 4 | AF12: 100.25499 | AG12: =100-($AF$4-AF12) -> 100.51648 | AH12: =($AG$9-AG12)/($AG$9*(1-$N$1)) -> 0.00020419396 | AK12: 124.17375 | AL12: 4 | AM12: 97.42665 | AN12: =100-($AM$4-AM12) -> 100.01287 | AO12: =($AN$8-AN12)/($AN$8*(1-$N$1)) -> 0.00085225855 | AQ12: 126.86979 | AR12: 4 | AS12: 96.97397 | AT12: =100-($AS$4-AS12) -> 99.9327 | AU12: =($AT$7-AT12)/($AT$7*(1-$N$1)) -> 0.0011576863 | AW12: 115.42709 | AX12: 4 | AY12: 98.30879 | AZ12: =100-($AY$4-AY12) -> 99.97444
B13: 205.72273 | C13: 4.5 | D13: 99.21124 | E13: =100-($D$4-D13) -> 100.33768 | I13: 224.96079 | J13: 4.5 | K13: 96.90017 | L13: =100-($K$4-K13) -> 100.48724 | P13: 230.06881 | Q13: 4.5 | R13: 100.24339 | S13: =100-($R$4-R13) -> 100.16757 | T13: =($S$13-S13)/($S$13*(1-$N$1)) -> 0 | W13: 249.94198 | X13: 4.5 | Y13: 95.05271 | Z13: =100-($Y$4-Y13) -> 100.49354 | AA13: =($Z$11-Z13)/($Z$11*(1-$N$1)) -> 0.00022947658 | AD13: 250.07072 | AE13: 4.5 | AF13: 100.13798 | AG13: =100-($AF$4-AF13) -> 100.39947 | AH13: =($AG$9-AG13)/($AG$9*(1-$N$1)) -> 0.0021466928 | AK13: 126.88092 | AL13: 4.5 | AM13: 97.42428 | AN13: =100-($AM$4-AM13) -> 100.0105 | AO13: =($AN$8-AN13)/($AN$8*(1-$N$1)) -> 0.000891786 | AQ13: 129.54726 | AR13: 4.5 | AS13: 96.94606 | AT13: =100-($AS$4-AS13) -> 99.90479 | AU13: =($AT$7-AT13)/($AT$7*(1-$N$1)) -> 0.0016234644 | AW13: 117.62746 | AX13: 4.5 | AY13: 98.29999 | AZ13: =100-($AY$4-AY13) -> 99.96564
B14: 205.48319 | C14: 5 | D14: 99.2469 | E14: =100-($D$4-D14) -> 100.37334 | I14: 224.95097 | J14: 5 | K14: 96.90252 | L14: =100-($K$4-K14) -> 100.48959 | P14: 229.86067 | Q14: 5 | R14: 99.96279 | S14: =100-($R$4-R14) -> 99.88697 | T14: =($S$13-S14)/($S$13*(1-$N$1)) -> 0.0046750765 | W14: 249.93098 | X14: 5 | Y14: 95.03162 | Z14: =100-($Y$4-Y14) -> 100.47245 | AA14: =($Z$11-Z14)/($Z$11*(1-$N$1)) -> 0.00057966914 | AD14: 250.05874 | AE14: 5 | AF14: 100.17148 | AG14: =100-($AF$4-AF14) -> 100.43297 | AH14: =($AG$9-AG14)/($AG$9*(1-$N$1)) -> 0.0015905548 | AK14: 129.54263 | AL14: 5 | AM14: 97.40017 | AN14: =100-($AM$4-AM14) -> 99.98639 | AO14: =($AN$8-AN14)/($AN$8*(1-$N$1)) -> 0.0012938986 | AQ14: 132.16341 | AR14: 5 | AS14: 96.93957 | AT14: =100-($AS$4-AS14) -> 99.8983 | AU14: =($AT$7-AT14)/($AT$7*(1-$N$1)) -> 0.0017317732 | AW14: 119.57439 | AX14: 5 | AY14: 98.29122 | AZ14: =100-($AY$4-AY14) -> 99.95687
B15: 205.18277 | C15: 5.5 | D15: 99.17901 | E15: =100-($D$4-D15) -> 100.30545 | I15: 224.949 | J15: 5.5 | K15: 96.93046 | L15: =100-($K$4-K15) -> 100.51753 | M15: =($L$15-L15)/($L$15*(1-$N$1)) -> 0 | P15: 229.58063 | Q15: 5.5 | R15: 100.04909 | S15: =100-($R$4-R15) -> 99.97327 | T15: =($S$13-S15)/($S$13*(1-$N$1)) -> 0.0032372322 | W15: 249.921 | X15: 5.5 | Y15: 95.01273 | Z15: =100-($Y$4-Y15) -> 100.45356 | AA15: =($Z$11-Z15)/($Z$11*(1-$N$1)) -> 0.00089333141 | AD15: 250.04787 | AE15: 5.5 | AF15: 100.15102 | AG15: =100-($AF$4-AF15) -> 100.41251 | AH15: =($AG$9-AG15)/($AG$9*(1-$N$1)) -> 0.001930214 | AK15: 132.15598 | AL15: 5.5 | AM15: 97.3983 | AN15: =100-($AM$4-AM15) -> 99.98452 | AO15: =($AN$8-AN15)/($AN$8*(1-$N$1)) -> 0.0013250869 | AQ15: 134.76291 | AR15: 5.5 | AS15: 96.9154 | AT15: =100-($AS$4-AS15) -> 99.87413 | AU15: =($AT$7-AT15)/($AT$7*(1-$N$1)) -> 0.002135136 | AW15: 121.35183 | AX15: 5.5 | AY15: 98.23736 | AZ15: =100-($AY$4-AY15) -> 99.90301
B16: 204.8312 | C16: 6 | D16: 99.22138 | E16: =100-($D$4-D16) -> 100.34782 | I16: 224.95199 | J16: 6 | K16: 96.90783 | L16: =100-($K$4-K16) -> 100.4949 | M16: =($L$15-L16)/($L$15*(1-$N$1)) -> 0.00037572573 | P16: 229.24639 | Q16: 6 | R16: 100.13445 | S16: =100-($R$4-R16) -> 100.05863 | T16: =($S$13-S16)/($S$13*(1-$N$1)) -> 0.0018150493 | W16: 249.92002 | X16: 6 | Y16: 94.99167 | Z16: =100-($Y$4-Y16) -> 100.4325 | AA16: =($Z$11-Z16)/($Z$11*(1-$N$1)) -> 0.0012430258 | AD16: 250.03592 | AE16: 6 | AF16: 100.0791 | AG16: =100-($AF$4-AF16) -> 100.34059 | AH16: =($AG$9-AG16)/($AG$9*(1-$N$1)) -> 0.0031241676 | AK16: 134.77178 | AL16: 6 | AM16: 97.36975 | AN16: =100-($AM$4-AM16) -> 99.95597 | AO16: =($AN$8-AN16)/($AN$8*(1-$N$1)) -> 0.0018012509 | AQ16: 137.35828 | AR16: 6 | AS16: 96.86451 | AT16: =100-($AS$4-AS16) -> 99.82324 | AU16: =($AT$7-AT16)/($AT$7*(1-$N$1)) -> 0.0029844175 | AW16: 122.99551 | AX16: 6 | AY16: 98.23643 | AZ16: =100-($AY$4-AY16) -> 99.90208
B17: 204.44404 | C17: 6.5 | D17: 99.27847 | E17: =100-($D$4-D17) -> 100.40491 | I17: 224.95696 | J17: 6.5 | K17: 96.89159 | L17: =100-($K$4-K17) -> 100.47866 | M17: =($L$15-L17)/($L$15*(1-$N$1)) -> 0.00064535834 | P17: 228.88248 | Q17: 6.5 | R17: 100.00054 | S17: =100-($R$4-R17) -> 99.92472 | T17: =($S$13-S17)/($S$13*(1-$N$1)) -> 0.0040461238 | W17: 249.93305 | X17: 6.5 | Y17: 94.96101 | Z17: =100-($Y$4-Y17) -> 100.40184 | AA17: =($Z$11-Z17)/($Z$11*(1-$N$1)) -> 0.0017521251 | AD17: 250.02595 | AE17: 6.5 | AF17: 100.2091 | AG17: =100-($AF$4-AF17) -> 100.47059 | AH17: =($AG$9-AG17)/($AG$9*(1-$N$1)) -> 0.00096602005 | AK17: 137.36559 | AL17: 6.5 | AM17: 97.34054 | AN17: =100-($AM$4-AM17) -> 99.92676 | AO17: =($AN$8-AN17)/($AN$8*(1-$N$1)) -> 0.0022884226 | AQ17: 139.92604 | AR17: 6.5 | AS17: 96.87001 | AT17: =100-($AS$4-AS17) -> 99.82874 | AU17: =($AT$7-AT17)/($AT$7*(1-$N$1)) -> 0.0028926304 | AW17: 124.56314 | AX17: 6.5 | AY17: 98.2038 | AZ17: =100-($AY$4-AY17) -> 99.86945
B18: 204.04245 | C18: 7 | D18: 99.30095 | E18: =100-($D$4-D18) -> 100.42739 | I18: 224.96493 | J18: 7 | K18: 96.92444 | L18: =100-($K$4-K18) -> 100.51151 | M18: =($L$15-L18)/($L$15*(1-$N$1)) -> 9.9950018e-05 | P18: 228.51753 | Q18: 7 | R18: 100.1945 | S18: =100-($R$4-R18) -> 100.11868 | T18: =($S$13-S18)/($S$13*(1-$N$1)) -> 0.00081455628 | W18: 249.93805 | X18: 7 | Y18: 94.9551 | Z18: =100-($Y$4-Y18) -> 100.39593 | AA18: =($Z$11-Z18)/($Z$11*(1-$N$1)) -> 0.0018502587 | AD18: 250.02297 | AE18: 7 | AF18: 100.06921 | AG18: =100-($AF$4-AF18) -> 100.3307 | AH18: =($AG$9-AG18)/($AG$9*(1-$N$1)) -> 0.0032883528 | AK18: 139.9297 | AL18: 7 | AM18: 97.33466 | AN18: =100-($AM$4-AM18) -> 99.92088 | AO18: =($AN$8-AN18)/($AN$8*(1-$N$1)) -> 0.0023864907 | AQ18: 142.4575 | AR18: 7 | AS18: 96.84602 | AT18: =100-($AS$4-AS18) -> 99.80475 | AU18: =($AT$7-AT18)/($AT$7*(1-$N$1)) -> 0.0032929892 | AW18: 126.08906 | AX18: 7 | AY18: 98.18548 | AZ18: =100-($AY$4-AY18) -> 99.85113
B19: 203.6442 | C19: 7.5 | D19: 99.32027 | E19: =100-($D$4-D19) -> 100.44671 | I19: 224.96706 | J19: 7.5 | K19: 96.90278 | L19: =100-($K$4-K19) -> 100.48985 | M19: =($L$15-L19)/($L$15*(1-$N$1)) -> 0.00045957085 | P19: 228.17219 | Q19: 7.5 | R19: 100.10457 | S19: =100-($R$4-R19) -> 100.02875 | T19: =($S$13-S19)/($S$13*(1-$N$1)) -> 0.00231288 | W19: 249.94702 | X19: 7.5 | Y19: 94.93593 | Z19: =100-($Y$4-Y19) -> 100.37676 | AA19: =($Z$11-Z19)/($Z$11*(1-$N$1)) -> 0.0021685703 | AD19: 250.01794 | AE19: 7.5 | AF19: 100.11503 | AG19: =100-($AF$4-AF19) -> 100.37652 | AH19: =($AG$9-AG19)/($AG$9*(1-$N$1)) -> 0.0025276888 | AK19: 142.45761 | AL19: 7.5 | AM19: 97.3109 | AN19: =100-($AM$4-AM19) -> 99.89712 | AO19: =($AN$8-AN19)/($AN$8*(1-$N$1)) -> 0.0027827659 | AQ19: 144.99693 | AR19: 7.5 | AS19: 96.8251 | AT19: =100-($AS$4-AS19) -> 99.78383 | AU19: =($AT$7-AT19)/($AT$7*(1-$N$1)) -> 0.0036421142 | AW19: 127.59048 | AX19: 7.5 | AY19: 98.20108 | AZ19: =100-($AY$4-AY19) -> 99.86673
B20: 203.27386 | C20: 8 | D20: 99.37332 | E20: =100-($D$4-D20) -> 100.49976 | I20: 224.97107 | J20: 8 | K20: 96.89664 | L20: =100-($K$4-K20) -> 100.48371 | M20: =($L$15-L20)/($L$15*(1-$N$1)) -> 0.00056151323 | P20: 227.84817 | Q20: 8 | R20: 99.99582 | S20: =100-($R$4-R20) -> 99.92 | T20: =($S$13-S20)/($S$13*(1-$N$1)) -> 0.0041247637 | W20: 249.95301 | X20: 8 | Y20: 94.90531 | Z20: =100-($Y$4-Y20) -> 100.34614 | AA20: =($Z$11-Z20)/($Z$11*(1-$N$1)) -> 0.0026770054 | AD20: 250.00979 | AE20: 8 | AF20: 100.11665 | AG20: =100-($AF$4-AF20) -> 100.37814 | AH20: =($AG$9-AG20)/($AG$9*(1-$N$1)) -> 0.002500795 | AK20: 145.00374 | AL20: 8 | AM20: 97.30154 | AN20: =100-($AM$4-AM20) -> 99.88776 | AO20: =($AN$8-AN20)/($AN$8*(1-$N$1)) -> 0.0029388743 | AQ20: 147.55415 | AR20: 8 | AS20: 96.80696 | AT20: =100-($AS$4-AS20) -> 99.76569 | AU20: =($AT$7-AT20)/($AT$7*(1-$N$1)) -> 0.0039448449 | AW20: 129.05264 | AX20: 8 | AY20: 98.1492 | AZ20: =100-($AY$4-AY20) -> 99.81485
B21: 202.93733 | C21: 8.5 | D21: 99.36734 | E21: =100-($D$4-D21) -> 100.49378 | I21: 224.97413 | J21: 8.5 | K21: 96.86986 | L21: =100-($K$4-K21) -> 100.45693 | M21: =($L$15-L21)/($L$15*(1-$N$1)) -> 0.0010061414 | P21: 227.54402 | Q21: 8.5 | R21: 99.97807 | S21: =100-($R$4-R21) -> 99.90225 | T21: =($S$13-S21)/($S$13*(1-$N$1)) -> 0.0044204964 | W21: 249.95798 | X21: 8.5 | Y21: 94.8861 | Z21: =100-($Y$4-Y21) -> 100.32693 | AA21: =($Z$11-Z21)/($Z$11*(1-$N$1)) -> 0.0029959812 | AD21: 250.01223 | AE21: 8.5 | AF21: 100.03751 | AG21: =100-($AF$4-AF21) -> 100.299 | AH21: =($AG$9-AG21)/($AG$9*(1-$N$1)) -> 0.0038146088 | AK21: 147.55356 | AL21: 8.5 | AM21: 97.28672 | AN21: =100-($AM$4-AM21) -> 99.87294 | AO21: =($AN$8-AN21)/($AN$8*(1-$N$1)) -> 0.003186046 | AQ21: 150.07486 | AR21: 8.5 | AS21: 96.80087 | AT21: =100-($AS$4-AS21) -> 99.7596 | AU21: =($AT$7-AT21)/($AT$7*(1-$N$1)) -> 0.0040464783 | AW21: 130.51246 | AX21: 8.5 | AY21: 98.13406 | AZ21: =100-($AY$4-AY21) -> 99.79971
B22: 202.62302 | C22: 9 | D22: 99.2993 | E22: =100-($D$4-D22) -> 100.42574 | I22: 224.98101 | J22: 9 | K22: 96.88608 | L22: =100-($K$4-K22) -> 100.47315 | M22: =($L$15-L22)/($L$15*(1-$N$1)) -> 0.00073684083 | P22: 227.26118 | Q22: 9 | R22: 100.00992 | S22: =100-($R$4-R22) -> 99.9341 | T22: =($S$13-S22)/($S$13*(1-$N$1)) -> 0.0038898436 | W22: 249.964 | X22: 9 | Y22: 94.842 | Z22: =100-($Y$4-Y22) -> 100.28283 | AA22: =($Z$11-Z22)/($Z$11*(1-$N$1)) -> 0.0037282472 | AD22: 250.0109 | AE22: 9 | AF22: 100.12275 | AG22: =100-($AF$4-AF22) -> 100.38424 | AH22: =($AG$9-AG22)/($AG$9*(1-$N$1)) -> 0.0023995281 | AK22: 150.06545 | AL22: 9 | AM22: 97.27548 | AN22: =100-($AM$4-AM22) -> 99.8617 | AO22: =($AN$8-AN22)/($AN$8*(1-$N$1)) -> 0.0033735095 | AQ22: 152.59187 | AR22: 9 | AS22: 96.77562 | AT22: =100-($AS$4-AS22) -> 99.73435 | AU22: =($AT$7-AT22)/($AT$7*(1-$N$1)) -> 0.0044678648 | AW22: 131.9788 | AX22: 9 | AY22: 98.18388 | AZ22: =100-($AY$4-AY22) -> 99.84953
B23: 202.3154 | C23: 9.5 | D23: 99.34893 | E23: =100-($D$4-D23) -> 100.47537 | I23: 224.98102 | J23: 9.5 | K23: 96.84585 | L23: =100-($K$4-K23) -> 100.43292 | M23: =($L$15-L23)/($L$15*(1-$N$1)) -> 0.0014047792 | P23: 226.99897 | Q23: 9.5 | R23: 99.96701 | S23: =100-($R$4-R23) -> 99.89119 | T23: =($S$13-S23)/($S$13*(1-$N$1)) -> 0.0046047671 | W23: 249.96902 | X23: 9.5 | Y23: 94.83052 | Z23: =100-($Y$4-Y23) -> 100.27135 | AA23: =($Z$11-Z23)/($Z$11*(1-$N$1)) -> 0.0039188689 | AD23: 250.01215 | AE23: 9.5 | AF23: 100.08249 | AG23: =100-($AF$4-AF23) -> 100.34398 | AH23: =($AG$9-AG23)/($AG$9*(1-$N$1)) -> 0.0030678898 | AK23: 152.60161 | AL23: 9.5 | AM23: 97.24487 | AN23: =100-($AM$4-AM23) -> 99.83109 | AO23: =($AN$8-AN23)/($AN$8*(1-$N$1)) -> 0.0038840307 | AQ23: 155.14275 | AR23: 9.5 | AS23: 96.75465 | AT23: =100-($AS$4-AS23) -> 99.71338 | AU23: =($AT$7-AT23)/($AT$7*(1-$N$1)) -> 0.0048178242 | AW23: 133.45459 | AX23: 9.5 | AY23: 98.12264 | AZ23: =100-($AY$4-AY23) -> 99.78829
B24: 202.00354 | C24: 10 | D24: 99.33731 | E24: =100-($D$4-D24) -> 100.46375 | I24: 224.98217 | J24: 10 | K24: 96.84837 | L24: =100-($K$4-K24) -> 100.43544 | M24: =($L$15-L24)/($L$15*(1-$N$1)) -> 0.0013629397 | P24: 226.75583 | Q24: 10 | R24: 100.15365 | S24: =100-($R$4-R24) -> 100.07783 | T24: =($S$13-S24)/($S$13*(1-$N$1)) -> 0.0014951581 | W24: 249.97203 | X24: 10 | Y24: 94.78831 | Z24: =100-($Y$4-Y24) -> 100.22914 | AA24: =($Z$11-Z24)/($Z$11*(1-$N$1)) -> 0.0046197521 | AD24: 250.00521 | AE24: 10 | AF24: 99.99152 | AG24: =100-($AF$4-AF24) -> 100.25301 | AH24: =($AG$9-AG24)/($AG$9*(1-$N$1)) -> 0.004578095 | AK24: 155.15547 | AL24: 10 | AM24: 97.23329 | AN24: =100-($AM$4-AM24) -> 99.81951 | AO24: =($AN$8-AN24)/($AN$8*(1-$N$1)) -> 0.0040771649 | AQ24: 157.66635 | AR24: 10 | AS24: 96.72332 | AT24: =100-($AS$4-AS24) -> 99.68205 | AU24: =($AT$7-AT24)/($AT$7*(1-$N$1)) -> 0.0053406772 | AW24: 134.94895 | AX24: 10 | AY24: 98.12039 | AZ24: =100-($AY$4-AY24) -> 99.78604
B25: 201.69974 | C25: 10.5 | D25: 99.42151 | E25: =100-($D$4-D25) -> 100.54795 | I25: 224.98204 | J25: 10.5 | K25: 96.83704 | L25: =100-($K$4-K25) -> 100.42411 | M25: =($L$15-L25)/($L$15*(1-$N$1)) -> 0.0015510516 | P25: 226.5316 | Q25: 10.5 | R25: 100.02082 | S25: =100-($R$4-R25) -> 99.945 | T25: =($S$13-S25)/($S$13*(1-$N$1)) -> 0.0037082387 | W25: 249.97401 | X25: 10.5 | Y25: 94.77096 | Z25: =100-($Y$4-Y25) -> 100.21179 | AA25: =($Z$11-Z25)/($Z$11*(1-$N$1)) -> 0.0049078432 | AD25: 250.00295 | AE25: 10.5 | AF25: 100.05369 | AG25: =100-($AF$4-AF25) -> 100.31518 | AH25: =($AG$9-AG25)/($AG$9*(1-$N$1)) -> 0.0035460025 | AK25: 157.66666 | AL25: 10.5 | AM25: 97.2096 | AN25: =100-($AM$4-AM25) -> 99.79582 | AO25: =($AN$8-AN25)/($AN$8*(1-$N$1)) -> 0.0044722726 | AQ25: 160.17914 | AR25: 10.5 | AS25: 96.71634 | AT25: =100-($AS$4-AS25) -> 99.67507 | AU25: =($AT$7-AT25)/($AT$7*(1-$N$1)) -> 0.0054571634 | AW25: 136.43742 | AX25: 10.5 | AY25: 98.07801 | AZ25: =100-($AY$4-AY25) -> 99.74366
B26: 201.42119 | C26: 11 | D26: 99.44385 | E26: =100-($D$4-D26) -> 100.57029 | I26: 224.98599 | J26: 11 | K26: 96.82519 | L26: =100-($K$4-K26) -> 100.41226 | M26: =($L$15-L26)/($L$15*(1-$N$1)) -> 0.0017477971 | P26: 226.32705 | Q26: 11 | R26: 99.98817 | S26: =100-($R$4-R26) -> 99.91235 | T26: =($S$13-S26)/($S$13*(1-$N$1)) -> 0.0042522203 | W26: 249.98004 | X26: 11 | Y26: 94.74427 | Z26: =100-($Y$4-Y26) -> 100.1851 | AA26: =($Z$11-Z26)/($Z$11*(1-$N$1)) -> 0.0053510219 | AD26: 250.00106 | AE26: 11 | AF26: 100.01926 | AG26: =100-($AF$4-AF26) -> 100.28075 | AH26: =($AG$9-AG26)/($AG$9*(1-$N$1)) -> 0.0041175795 | AK26: 160.18561 | AL26: 11 | AM26: 97.20346 | AN26: =100-($AM$4-AM26) -> 99.78968 | AO26: =($AN$8-AN26)/($AN$8*(1-$N$1)) -> 0.0045746771 | AQ26: 162.7096 | AR26: 11 | AS26: 96.67472 | AT26: =100-($AS$4-AS26) -> 99.63345 | AU26: =($AT$7-AT26)/($AT$7*(1-$N$1)) -> 0.0061517418 | AW26: 137.93784 | AX26: 11 | AY26: 98.09737 | AZ26: =100-($AY$4-AY26) -> 99.76302
... B118: 200.08773 | C118: 57 | D118: 99.45286 | E118: =100-($D$4-D118) -> 100.5793 | I118: 225.00989 | J118: 57 | K118: 95.19295 | L118: =100-($K$4-K118) -> 98.78002 | M118: =($L$15-L118)/($L$15*(1-$N$1)) -> 0.028847867 | P118: 225.01034 | Q118: 57 | R118: 99.65167 | S118: =100-($R$4-R118) -> 99.57585 | T118: =($S$13-S118)/($S$13*(1-$N$1)) -> 0.0098586468 | W118: 250.00101 | X118: 57 | Y118: 92.12104 | Z118: =100-($Y$4-Y118) -> 97.56187 | AA118: =($Z$11-Z118)/($Z$11*(1-$N$1)) -> 0.048908899 | AD118: 250.02867 | AE118: 57 | AF118: 98.52201 | AG118: =100-($AF$4-AF118) -> 98.7835 | AH118: =($AG$9-AG118)/($AG$9*(1-$N$1)) -> 0.028973629 | AK118: 389.65273 | AL118: 57 | AM118: 57.61755 | AN118: =100-($AM$4-AM118) -> 60.20377 | AO118: =($AN$8-AN118)/($AN$8*(1-$N$1)) -> 0.66479836 | AQ118: 392.27148 | AR118: 57 | AS118: 53.28092 | AT118: =100-($AS$4-AS118) -> 56.23965 | AU118: =($AT$7-AT118)/($AT$7*(1-$N$1)) -> 0.73033235 | AW118: 276.21235 | AX118: 57 | AY118: 95.9223 | AZ118: =100-($AY$4-AY118) -> 97.58795
B119: 200.07603 | C119: 57.5 | D119: 99.5981 | E119: =100-($D$4-D119) -> 100.72454 | F119: =($E$119-E119)/($E$119*(1-$N$1)) -> 0 | I119: 225.00395 | J119: 57.5 | K119: 95.15299 | L119: =100-($K$4-K119) -> 98.74006 | M119: =($L$15-L119)/($L$15*(1-$N$1)) -> 0.029511322 | P119: 225.00906 | Q119: 57.5 | R119: 99.76254 | S119: =100-($R$4-R119) -> 99.68672 | T119: =($S$13-S119)/($S$13*(1-$N$1)) -> 0.0080114417 | W119: 250.00101 | X119: 57.5 | Y119: 92.09238 | Z119: =100-($Y$4-Y119) -> 97.53321 | AA119: =($Z$11-Z119)/($Z$11*(1-$N$1)) -> 0.049384788 | AD119: 250.02501 | AE119: 57.5 | AF119: 98.49688 | AG119: =100-($AF$4-AF119) -> 98.75837 | AH119: =($AG$9-AG119)/($AG$9*(1-$N$1)) -> 0.029390816 | AK119: 392.26526 | AL119: 57.5 | AM119: 56.99851 | AN119: =100-($AM$4-AM119) -> 59.58473 | AO119: =($AN$8-AN119)/($AN$8*(1-$N$1)) -> 0.67512286 | AQ119: 394.90102 | AR119: 57.5 | AS119: 52.70881 | AT119: =100-($AS$4-AS119) -> 55.66754 | AU119: =($AT$7-AT119)/($AT$7*(1-$N$1)) -> 0.73988004 | AW119: 277.71877 | AX119: 57.5 | AY119: 95.87076 | AZ119: =100-($AY$4-AY119) -> 97.53641
B120: 200.05831 | C120: 58 | D120: 99.40506 | E120: =100-($D$4-D120) -> 100.5315 | F120: =($E$119-E120)/($E$119*(1-$N$1)) -> 0.0031984548 | I120: 225.00814 | J120: 58 | K120: 95.12554 | L120: =100-($K$4-K120) -> 98.71261 | M120: =($L$15-L120)/($L$15*(1-$N$1)) -> 0.029967074 | P120: 225.00844 | Q120: 58 | R120: 99.63422 | S120: =100-($R$4-R120) -> 99.5584 | T120: =($S$13-S120)/($S$13*(1-$N$1)) -> 0.010149381 | W120: 249.999 | X120: 58 | Y120: 92.06362 | Z120: =100-($Y$4-Y120) -> 97.50445 | AA120: =($Z$11-Z120)/($Z$11*(1-$N$1)) -> 0.049862339 | AD120: 250.02322 | AE120: 58 | AF120: 98.48019 | AG120: =100-($AF$4-AF120) -> 98.74168 | AH120: =($AG$9-AG120)/($AG$9*(1-$N$1)) -> 0.029667888 | AK120: 394.89294 | AL120: 58 | AM120: 56.45112 | AN120: =100-($AM$4-AM120) -> 59.03734 | AO120: =($AN$8-AN120)/($AN$8*(1-$N$1)) -> 0.68425237 | AQ120: 397.53754 | AR120: 58 | AS120: 52.14488 | AT120: =100-($AS$4-AS120) -> 55.10361 | AU120: =($AT$7-AT120)/($AT$7*(1-$N$1)) -> 0.74929123 | AW120: 279.22376 | AX120: 58 | AY120: 95.76319 | AZ120: =100-($AY$4-AY120) -> 97.42884
B121: 200.03953 | C121: 58.5 | D121: 99.53814 | E121: =100-($D$4-D121) -> 100.66458 | F121: =($E$119-E121)/($E$119*(1-$N$1)) -> 0.00099346947 | I121: 225.00498 | J121: 58.5 | K121: 95.09018 | L121: =100-($K$4-K121) -> 98.67725 | M121: =($L$15-L121)/($L$15*(1-$N$1)) -> 0.030554156 | P121: 225.00845 | Q121: 58.5 | R121: 99.57185 | S121: =100-($R$4-R121) -> 99.49603 | T121: =($S$13-S121)/($S$13*(1-$N$1)) -> 0.011188528 | W121: 249.99798 | X121: 58.5 | Y121: 92.03115 | Z121: =100-($Y$4-Y121) -> 97.47198 | AA121: =($Z$11-Z121)/($Z$11*(1-$N$1)) -> 0.050401493 | AD121: 250.01736 | AE121: 58.5 | AF121: 98.49702 | AG121: =100-($AF$4-AF121) -> 98.75851 | AH121: =($AG$9-AG121)/($AG$9*(1-$N$1)) -> 0.029388491 | AK121: 397.53352 | AL121: 58.5 | AM121: 55.90093 | AN121: =100-($AM$4-AM121) -> 58.48715 | AO121: =($AN$8-AN121)/($AN$8*(1-$N$1)) -> 0.69342858 | AQ121: 400.18497 | AR121: 58.5 | AS121: 51.54977 | AT121: =100-($AS$4-AS121) -> 54.5085 | AU121: =($AT$7-AT121)/($AT$7*(1-$N$1)) -> 0.75922277 | AW121: 280.72373 | AX121: 58.5 | AY121: 95.64382 | AZ121: =100-($AY$4-AY121) -> 97.30947
B122: 200.02089 | C122: 59 | D122: 99.44932 | E122: =100-($D$4-D122) -> 100.57576 | F122: =($E$119-E122)/($E$119*(1-$N$1)) -> 0.0024651165 | I122: 225.00403 | J122: 59 | K122: 95.07991 | L122: =100-($K$4-K122) -> 98.66698 | M122: =($L$15-L122)/($L$15*(1-$N$1)) -> 0.030724669 | P122: 225.00897 | Q122: 59 | R122: 99.61558 | S122: =100-($R$4-R122) -> 99.53976 | T122: =($S$13-S122)/($S$13*(1-$N$1)) -> 0.010459942 | W122: 250.00499 | X122: 59 | Y122: 92.00783 | Z122: =100-($Y$4-Y122) -> 97.44866 | AA122: =($Z$11-Z122)/($Z$11*(1-$N$1)) -> 0.050788714 | AD122: 250.01335 | AE122: 59 | AF122: 98.55151 | AG122: =100-($AF$4-AF122) -> 98.813 | AH122: =($AG$9-AG122)/($AG$9*(1-$N$1)) -> 0.028483896 | AK122: 400.17559 | AL122: 59 | AM122: 55.34517 | AN122: =100-($AM$4-AM122) -> 57.93139 | AO122: =($AN$8-AN122)/($AN$8*(1-$N$1)) -> 0.70269768 | AQ122: 402.84068 | AR122: 59 | AS122: 50.92669 | AT122: =100-($AS$4-AS122) -> 53.88542 | AU122: =($AT$7-AT122)/($AT$7*(1-$N$1)) -> 0.76962108 | AW122: 282.21865 | AX122: 59 | AY122: 95.53121 | AZ122: =100-($AY$4-AY122) -> 97.19686
B123: 200.01053 | C123: 59.5 | D123: 99.43513 | E123: =100-($D$4-D123) -> 100.56157 | F123: =($E$119-E123)/($E$119*(1-$N$1)) -> 0.0027002288 | I123: 225.00712 | J123: 59.5 | K123: 95.06715 | L123: =100-($K$4-K123) -> 98.65422 | M123: =($L$15-L123)/($L$15*(1-$N$1)) -> 0.030936523 | P123: 225.00913 | Q123: 59.5 | R123: 99.51608 | S123: =100-($R$4-R123) -> 99.44026 | T123: =($S$13-S123)/($S$13*(1-$N$1)) -> 0.012117712 | W123: 250.002 | X123: 59.5 | Y123: 91.98675 | Z123: =100-($Y$4-Y123) -> 97.42758 | AA123: =($Z$11-Z123)/($Z$11*(1-$N$1)) -> 0.05113874 | AD123: 250.01414 | AE123: 59.5 | AF123: 98.43694 | AG123: =100-($AF$4-AF123) -> 98.69843 | AH123: =($AG$9-AG123)/($AG$9*(1-$N$1)) -> 0.030385888 | AK123: 402.82135 | AL123: 59.5 | AM123: 54.77877 | AN123: =100-($AM$4-AM123) -> 57.36499 | AO123: =($AN$8-AN123)/($AN$8*(1-$N$1)) -> 0.71214424 | AQ123: 405.51541 | AR123: 59.5 | AS123: 50.26012 | AT123: =100-($AS$4-AS123) -> 53.21885 | AU123: =($AT$7-AT123)/($AT$7*(1-$N$1)) -> 0.78074519 | AW123: 283.71973 | AX123: 59.5 | AY123: 95.40318 | AZ123: =100-($AY$4-AY123) -> 97.06883
B124: 199.99806 | C124: 60 | D124: 99.3712 | E124: =100-($D$4-D124) -> 100.49764 | F124: =($E$119-E124)/($E$119*(1-$N$1)) -> 0.0037594767 | I124: 225.00793 | J124: 60 | K124: 95.04722 | L124: =100-($K$4-K124) -> 98.63429 | M124: =($L$15-L124)/($L$15*(1-$N$1)) -> 0.031267421 | P124: 225.0086 | Q124: 60 | R124: 99.65853 | S124: =100-($R$4-R124) -> 99.58271 | T124: =($S$13-S124)/($S$13*(1-$N$1)) -> 0.0097443523 | W124: 250.00402 | X124: 60 | Y124: 91.93507 | Z124: =100-($Y$4-Y124) -> 97.3759 | AA124: =($Z$11-Z124)/($Z$11*(1-$N$1)) -> 0.05199687 | AD124: 250.01583 | AE124: 60 | AF124: 98.53243 | AG124: =100-($AF$4-AF124) -> 98.79392 | AH124: =($AG$9-AG124)/($AG$9*(1-$N$1)) -> 0.028800645 | AK124: 405.47923 | AL124: 60 | AM124: 54.14224 | AN124: =100-($AM$4-AM124) -> 56.72846 | AO124: =($AN$8-AN124)/($AN$8*(1-$N$1)) -> 0.72276045 | AQ124: 408.21067 | AR124: 60 | AS124: 49.36901 | AT124: =100-($AS$4-AS124) -> 52.32774 | AU124: =($AT$7-AT124)/($AT$7*(1-$N$1)) -> 0.79561654 | AW124: 285.22144 | AX124: 60 | AY124: 95.30445 | AZ124: =100-($AY$4-AY124) -> 96.9701
B125: 199.98267 | C125: 60.5 | D125: 99.4409 | E125: =100-($D$4-D125) -> 100.56734 | F125: =($E$119-E125)/($E$119*(1-$N$1)) -> 0.0026046264 | I125: 225.01075 | J125: 60.5 | K125: 95.03926 | L125: =100-($K$4-K125) -> 98.62633 | M125: =($L$15-L125)/($L$15*(1-$N$1)) -> 0.031399581 | P125: 225.01283 | Q125: 60.5 | R125: 99.59791 | S125: =100-($R$4-R125) -> 99.52209 | T125: =($S$13-S125)/($S$13*(1-$N$1)) -> 0.010754342 | W125: 250.00001 | X125: 60.5 | Y125: 91.92553 | Z125: =100-($Y$4-Y125) -> 97.36636 | AA125: =($Z$11-Z125)/($Z$11*(1-$N$1)) -> 0.052155278 | AD125: 250.01558 | AE125: 60.5 | AF125: 98.5309 | AG125: =100-($AF$4-AF125) -> 98.79239 | AH125: =($AG$9-AG125)/($AG$9*(1-$N$1)) -> 0.028826045 | AK125: 408.16633 | AL125: 60.5 | AM125: 53.39955 | AN125: =100-($AM$4-AM125) -> 55.98577 | AO125: =($AN$8-AN125)/($AN$8*(1-$N$1)) -> 0.73514722 | AQ125: 410.90384 | AR125: 60.5 | AS125: 48.37764 | AT125: =100-($AS$4-AS125) -> 51.33637 | AU125: =($AT$7-AT125)/($AT$7*(1-$N$1)) -> 0.81216109 | AW125: 286.72413 | AX125: 60.5 | AY125: 95.14492 | AZ125: =100-($AY$4-AY125) -> 96.81057
B126: 199.96881 | C126: 61 | D126: 99.49922 | E126: =100-($D$4-D126) -> 100.62566 | F126: =($E$119-E126)/($E$119*(1-$N$1)) -> 0.0016383299 | I126: 225.00692 | J126: 61 | K126: 94.99019 | L126: =100-($K$4-K126) -> 98.57726 | M126: =($L$15-L126)/($L$15*(1-$N$1)) -> 0.032214289 | P126: 225.01454 | Q126: 61 | R126: 99.58735 | S126: =100-($R$4-R126) -> 99.51153 | T126: =($S$13-S126)/($S$13*(1-$N$1)) -> 0.010930282 | W126: 250.00502 | X126: 61 | Y126: 91.90248 | Z126: =100-($Y$4-Y126) -> 97.34331 | AA126: =($Z$11-Z126)/($Z$11*(1-$N$1)) -> 0.052538016 | AD126: 250.01374 | AE126: 61 | AF126: 98.35024 | AG126: =100-($AF$4-AF126) -> 98.61173 | AH126: =($AG$9-AG126)/($AG$9*(1-$N$1)) -> 0.031825206 | AK126: 410.84969 | AL126: 61 | AM126: 52.47629 | AN126: =100-($AM$4-AM126) -> 55.06251 | AO126: =($AN$8-AN126)/($AN$8*(1-$N$1)) -> 0.75054558 | AQ126: 413.51143 | AR126: 61 | AS126: 47.23423 | AT126: =100-($AS$4-AS126) -> 50.19296 | AU126: =($AT$7-AT126)/($AT$7*(1-$N$1)) -> 0.83124297 | AW126: 288.22561 | AX126: 61 | AY126: 94.91824 | AZ126: =100-($AY$4-AY126) -> 96.58389
B127: 199.95649 | C127: 61.5 | D127: 99.44335 | E127: =100-($D$4-D127) -> 100.56979 | F127: =($E$119-E127)/($E$119*(1-$N$1)) -> 0.0025640327 | I127: 225.00482 | J127: 61.5 | K127: 94.97361 | L127: =100-($K$4-K127) -> 98.56068 | M127: =($L$15-L127)/($L$15*(1-$N$1)) -> 0.032489567 | P127: 225.01411 | Q127: 61.5 | R127: 99.55809 | S127: =100-($R$4-R127) -> 99.48227 | T127: =($S$13-S127)/($S$13*(1-$N$1)) -> 0.011417783 | W127: 250.00297 | X127: 61.5 | Y127: 91.88328 | Z127: =100-($Y$4-Y127) -> 97.32411 | AA127: =($Z$11-Z127)/($Z$11*(1-$N$1)) -> 0.052856826 | AD127: 250.01308 | AE127: 61.5 | AF127: 98.39672 | AG127: =100-($AF$4-AF127) -> 98.65821 | AH127: =($AG$9-AG127)/($AG$9*(1-$N$1)) -> 0.031053585 | AK127: 413.47167 | AL127: 61.5 | AM127: 51.46429 | AN127: =100-($AM$4-AM127) -> 54.05051 | AO127: =($AN$8-AN127)/($AN$8*(1-$N$1)) -> 0.76742397 | AQ127: 415.95907 | AR127: 61.5 | AS127: 46.05348 | AT127: =100-($AS$4-AS127) -> 49.01221 | AU127: =($AT$7-AT127)/($AT$7*(1-$N$1)) -> 0.85094801 | AW127: 289.73827 | AX127: 61.5 | AY127: 94.86344 | AZ127: =100-($AY$4-AY127) -> 96.52909
B128: 199.95067 | C128: 62 | D128: 99.50192 | E128: =100-($D$4-D128) -> 100.62836 | F128: =($E$119-E128)/($E$119*(1-$N$1)) -> 0.001593594 | I128: 225.00907 | J128: 62 | K128: 94.96805 | L128: =100-($K$4-K128) -> 98.55512 | M128: =($L$15-L128)/($L$15*(1-$N$1)) -> 0.03258188 | P128: 225.01736 | Q128: 62 | R128: 99.52654 | S128: =100-($R$4-R128) -> 99.45072 | T128: =($S$13-S128)/($S$13*(1-$N$1)) -> 0.011943438 | W128: 250.00598 | X128: 62 | Y128: 91.85461 | Z128: =100-($Y$4-Y128) -> 97.29544 | AA128: =($Z$11-Z128)/($Z$11*(1-$N$1)) -> 0.053332882 | AD128: 250.01642 | AE128: 62 | AF128: 98.41341 | AG128: =100-($AF$4-AF128) -> 98.6749 | AH128: =($AG$9-AG128)/($AG$9*(1-$N$1)) -> 0.030776512 | AK128: 415.95918 | AL128: 62 | AM128: 50.37254 | AN128: =100-($AM$4-AM128) -> 52.95876 | AO128: =($AN$8-AN128)/($AN$8*(1-$N$1)) -> 0.78563244 | AQ128: 418.25271 | AR128: 62 | AS128: 44.85245 | AT128: =100-($AS$4-AS128) -> 47.81118 | AU128: =($AT$7-AT128)/($AT$7*(1-$N$1)) -> 0.87099148 | AW128: 291.24247 | AX128: 62 | AY128: 94.6922 | AZ128: =100-($AY$4-AY128) -> 96.35785
B129: 199.95032 | C129: 62.5 | D129: 99.316 | E129: =100-($D$4-D129) -> 100.44244 | F129: =($E$119-E129)/($E$119*(1-$N$1)) -> 0.0046740784 | I129: 225.00398 | J129: 62.5 | K129: 94.93666 | L129: =100-($K$4-K129) -> 98.52373 | M129: =($L$15-L129)/($L$15*(1-$N$1)) -> 0.033103048 | P129: 225.01805 | Q129: 62.5 | R129: 99.61713 | S129: =100-($R$4-R129) -> 99.54131 | T129: =($S$13-S129)/($S$13*(1-$N$1)) -> 0.010434118 | W129: 250.00799 | X129: 62.5 | Y129: 91.83146 | Z129: =100-($Y$4-Y129) -> 97.27229 | AA129: =($Z$11-Z129)/($Z$11*(1-$N$1)) -> 0.05371728 | AD129: 250.0172 | AE129: 62.5 | AF129: 98.32873 | AG129: =100-($AF$4-AF129) -> 98.59022 | AH129: =($AG$9-AG129)/($AG$9*(1-$N$1)) -> 0.032182296 | AK129: 418.29701 | AL129: 62.5 | AM129: 49.22763 | AN129: =100-($AM$4-AM129) -> 51.81385 | AO129: =($AN$8-AN129)/($AN$8*(1-$N$1)) -> 0.80472754 | AQ129: 420.44807 | AR129: 62.5 | AS129: 43.85983 | AT129: =100-($AS$4-AS129) -> 46.81856 | AU129: =($AT$7-AT129)/($AT$7*(1-$N$1)) -> 0.88755689 | AW129: 292.74565 | AX129: 62.5 | AY129: 94.49599 | AZ129: =100-($AY$4-AY129) -> 96.16164
B130: 199.95868 | C130: 63 | D130: 99.45647 | E130: =100-($D$4-D130) -> 100.58291 | F130: =($E$119-E130)/($E$119*(1-$N$1)) -> 0.0023466491 | I130: 225.00005 | J130: 63 | K130: 94.90255 | L130: =100-($K$4-K130) -> 98.48962 | M130: =($L$15-L130)/($L$15*(1-$N$1)) -> 0.033669376 | P130: 225.01587 | Q130: 63 | R130: 99.37517 | S130: =100-($R$4-R130) -> 99.29935 | T130: =($S$13-S130)/($S$13*(1-$N$1)) -> 0.014465413 | W130: 250.00999 | X130: 63 | Y130: 91.81813 | Z130: =100-($Y$4-Y130) -> 97.25896 | AA130: =($Z$11-Z130)/($Z$11*(1-$N$1)) -> 0.05393862 | AD130: 250.01815 | AE130: 63 | AF130: 98.36743 | AG130: =100-($AF$4-AF130) -> 98.62892 | AH130: =($AG$9-AG130)/($AG$9*(1-$N$1)) -> 0.031539832 | AK130: 420.5184 | AL130: 63 | AM130: 48.27516 | AN130: =100-($AM$4-AM130) -> 50.86138 | AO130: =($AN$8-AN130)/($AN$8*(1-$N$1)) -> 0.82061307 | AQ130: 422.62788 | AR130: 63 | AS130: 42.97606 | AT130: =100-($AS$4-AS130) -> 45.93479 | AU130: =($AT$7-AT130)/($AT$7*(1-$N$1)) -> 0.90230575 | AW130: 294.25338 | AX130: 63 | AY130: 94.37165 | AZ130: =100-($AY$4-AY130) -> 96.0373
... B280: 199.98416 | C280: 138 | D280: 99.20077 | E280: =100-($D$4-D280) -> 100.32721 | F280: =($E$119-E280)/($E$119*(1-$N$1)) -> 0.0065833093 | I280: 225.00592 | J280: 138 | K280: 92.49183 | L280: =100-($K$4-K280) -> 96.0789 | M280: =($L$15-L280)/($L$15*(1-$N$1)) -> 0.073694543 | P280: 225.01653 | Q280: 138 | R280: 98.8288 | S280: =100-($R$4-R280) -> 98.75298 | T280: =($S$13-S280)/($S$13*(1-$N$1)) -> 0.023568484 | W280: 250.00501 | X280: 138 | Y280: 88.39151 | Z280: =100-($Y$4-Y280) -> 93.83234 | AA280: =($Z$11-Z280)/($Z$11*(1-$N$1)) -> 0.11083652 | AD280: 250.01614 | AE280: 138 | AF280: 96.23508 | AG280: =100-($AF$4-AF280) -> 96.49657 | AH280: =($AG$9-AG280)/($AG$9*(1-$N$1)) -> 0.066939263 | AK280: 795.71032 | AL280: 138 | AM280: 39.13808 | AN280: =100-($AM$4-AM280) -> 41.7243 | AO280: =($AN$8-AN280)/($AN$8*(1-$N$1)) -> 0.97300357 | AQ280: 798.23196 | AR280: 138 | AS280: 33.83388 | AT280: =100-($AS$4-AS280) -> 36.79261 | AU280: =($AT$7-AT280)/($AT$7*(1-$N$1)) -> 1.0548757 | AW280: 519.30948 | AX280: 138 | AY280: 39.65663 | AZ280: =100-($AY$4-AY280) -> 41.32228
B281: 199.9889 | C281: 138.5 | D281: 99.39928 | E281: =100-($D$4-D281) -> 100.52572 | F281: =($E$119-E281)/($E$119*(1-$N$1)) -> 0.0032942228 | I281: 225.00719 | J281: 138.5 | K281: 92.4663 | L281: =100-($K$4-K281) -> 96.05337 | M281: =($L$15-L281)/($L$15*(1-$N$1)) -> 0.074118418 | P281: 225.01593 | Q281: 138.5 | R281: 98.88306 | S281: =100-($R$4-R281) -> 98.80724 | T281: =($S$13-S281)/($S$13*(1-$N$1)) -> 0.022664458 | W281: 250.00496 | X281: 138.5 | Y281: 88.37807 | Z281: =100-($Y$4-Y281) -> 93.8189 | AA281: =($Z$11-Z281)/($Z$11*(1-$N$1)) -> 0.11105969 | AD281: 250.01551 | AE281: 138.5 | AF281: 96.15803 | AG281: =100-($AF$4-AF281) -> 96.41952 | AH281: =($AG$9-AG281)/($AG$9*(1-$N$1)) -> 0.06821838 | AK281: 798.21149 | AL281: 138.5 | AM281: 39.15316 | AN281: =100-($AM$4-AM281) -> 41.73938 | AO281: =($AN$8-AN281)/($AN$8*(1-$N$1)) -> 0.97275206 | AW281: 520.80951 | AX281: 138.5 | AY281: 39.49395 | AZ281: =100-($AY$4-AY281) -> 41.1596
B282: 199.99257 | C282: 139 | D282: 99.2711 | E282: =100-($D$4-D282) -> 100.39754 | F282: =($E$119-E282)/($E$119*(1-$N$1)) -> 0.0054180206 | I282: 225.00799 | J282: 139 | K282: 92.46791 | L282: =100-($K$4-K282) -> 96.05498 | M282: =($L$15-L282)/($L$15*(1-$N$1)) -> 0.074091687 | P282: 225.01622 | Q282: 139 | R282: 98.87448 | S282: =100-($R$4-R282) -> 98.79866 | T282: =($S$13-S282)/($S$13*(1-$N$1)) -> 0.022807409 | W282: 249.99998 | X282: 139 | Y282: 88.34766 | Z282: =100-($Y$4-Y282) -> 93.78849 | AA282: =($Z$11-Z282)/($Z$11*(1-$N$1)) -> 0.11156464 | AD282: 250.01534 | AE282: 139 | AF282: 96.20002 | AG282: =100-($AF$4-AF282) -> 96.46151 | AH282: =($AG$9-AG282)/($AG$9*(1-$N$1)) -> 0.067521299 | AW282: 522.31461 | AX282: 139 | AY282: 39.41138 | AZ282: =100-($AY$4-AY282) -> 41.07703
B283: 199.9961 | C283: 139.5 | D283: 99.25286 | E283: =100-($D$4-D283) -> 100.3793 | F283: =($E$119-E283)/($E$119*(1-$N$1)) -> 0.0057202368 | I283: 225.00699 | J283: 139.5 | K283: 92.44267 | L283: =100-($K$4-K283) -> 96.02974 | M283: =($L$15-L283)/($L$15*(1-$N$1)) -> 0.074510746 | P283: 225.01942 | Q283: 139.5 | R283: 98.87627 | S283: =100-($R$4-R283) -> 98.80045 | T283: =($S$13-S283)/($S$13*(1-$N$1)) -> 0.022777586 | W283: 250.00193 | X283: 139.5 | Y283: 88.33403 | Z283: =100-($Y$4-Y283) -> 93.77486 | AA283: =($Z$11-Z283)/($Z$11*(1-$N$1)) -> 0.11179096 | AD283: 250.01774 | AE283: 139.5 | AF283: 96.27255 | AG283: =100-($AF$4-AF283) -> 96.53404 | AH283: =($AG$9-AG283)/($AG$9*(1-$N$1)) -> 0.066317218 | AW283: 523.81562 | AX283: 139.5 | AY283: 39.48153 | AZ283: =100-($AY$4-AY283) -> 41.14718
B284: 199.99596 | C284: 140 | D284: 99.43406 | E284: =100-($D$4-D284) -> 100.5605 | F284: =($E$119-E284)/($E$119*(1-$N$1)) -> 0.0027179575 | I284: 225.00689 | J284: 140 | K284: 92.44026 | L284: =100-($K$4-K284) -> 96.02733 | M284: =($L$15-L284)/($L$15*(1-$N$1)) -> 0.07455076 | P284: 225.01986 | Q284: 140 | R284: 99.03095 | S284: =100-($R$4-R284) -> 98.95513 | T284: =($S$13-S284)/($S$13*(1-$N$1)) -> 0.020200463 | W284: 250.00201 | X284: 140 | Y284: 88.30921 | Z284: =100-($Y$4-Y284) -> 93.75004 | AA284: =($Z$11-Z284)/($Z$11*(1-$N$1)) -> 0.11220309 | AD284: 250.01726 | AE284: 140 | AF284: 96.14802 | AG284: =100-($AF$4-AF284) -> 96.40951 | AH284: =($AG$9-AG284)/($AG$9*(1-$N$1)) -> 0.068384558 | AW284: 525.30954 | AX284: 140 | AY284: 39.41592 | AZ284: =100-($AY$4-AY284) -> 41.08157
B285: 199.9955 | C285: 140.5 | D285: 99.10472 | E285: =100-($D$4-D285) -> 100.23116 | F285: =($E$119-E285)/($E$119*(1-$N$1)) -> 0.0081747493 | I285: 225.00413 | J285: 140.5 | K285: 92.43517 | L285: =100-($K$4-K285) -> 96.02224 | M285: =($L$15-L285)/($L$15*(1-$N$1)) -> 0.074635269 | P285: 225.01878 | Q285: 140.5 | R285: 98.82342 | S285: =100-($R$4-R285) -> 98.7476 | T285: =($S$13-S285)/($S$13*(1-$N$1)) -> 0.02365812 | W285: 250.003 | X285: 140.5 | Y285: 88.28213 | Z285: =100-($Y$4-Y285) -> 93.72296 | AA285: =($Z$11-Z285)/($Z$11*(1-$N$1)) -> 0.11265274 | AD285: 250.01739 | AE285: 140.5 | AF285: 96.24393 | AG285: =100-($AF$4-AF285) -> 96.50542 | AH285: =($AG$9-AG285)/($AG$9*(1-$N$1)) -> 0.066792343 | AW285: 526.81037 | AX285: 140.5 | AY285: 39.37405 | AZ285: =100-($AY$4-AY285) -> 41.0397
B286: 199.9953 | C286: 141 | D286: 99.18759 | E286: =100-($D$4-D286) -> 100.31403 | F286: =($E$119-E286)/($E$119*(1-$N$1)) -> 0.006801687 | I286: 225.00396 | J286: 141 | K286: 92.40511 | L286: =100-($K$4-K286) -> 95.99218 | M286: =($L$15-L286)/($L$15*(1-$N$1)) -> 0.075134355 | P286: 225.01542 | Q286: 141 | R286: 98.87536 | S286: =100-($R$4-R286) -> 98.79954 | T286: =($S$13-S286)/($S$13*(1-$N$1)) -> 0.022792747 | W286: 250.004 | X286: 141 | Y286: 88.26903 | Z286: =100-($Y$4-Y286) -> 93.70986 | AA286: =($Z$11-Z286)/($Z$11*(1-$N$1)) -> 0.11287027 | AD286: 250.01635 | AE286: 141 | AF286: 96.16345 | AG286: =100-($AF$4-AF286) -> 96.42494 | AH286: =($AG$9-AG286)/($AG$9*(1-$N$1)) -> 0.068128402 | AW286: 528.30717 | AX286: 141 | AY286: 39.3494 | AZ286: =100-($AY$4-AY286) -> 41.01505
B287: 199.99476 | C287: 141.5 | D287: 99.25564 | E287: =100-($D$4-D287) -> 100.38208 | F287: =($E$119-E287)/($E$119*(1-$N$1)) -> 0.0056741754 | I287: 225.00494 | J287: 141.5 | K287: 92.41267 | L287: =100-($K$4-K287) -> 95.99974 | M287: =($L$15-L287)/($L$15*(1-$N$1)) -> 0.075008836 | P287: 225.01599 | Q287: 141.5 | R287: 99.00054 | S287: =100-($R$4-R287) -> 98.92472 | T287: =($S$13-S287)/($S$13*(1-$N$1)) -> 0.020707124 | W287: 250.00302 | X287: 141.5 | Y287: 88.25161 | Z287: =100-($Y$4-Y287) -> 93.69244 | AA287: =($Z$11-Z287)/($Z$11*(1-$N$1)) -> 0.11315952 | AD287: 250.01523 | AE287: 141.5 | AF287: 96.16958 | AG287: =100-($AF$4-AF287) -> 96.43107 | AH287: =($AG$9-AG287)/($AG$9*(1-$N$1)) -> 0.068026637 | AW287: 529.81166 | AX287: 141.5 | AY287: 39.40321 | AZ287: =100-($AY$4-AY287) -> 41.06886
B288: 200.00122 | C288: 142 | D288: 99.30988 | E288: =100-($D$4-D288) -> 100.43632 | F288: =($E$119-E288)/($E$119*(1-$N$1)) -> 0.0047754798 | I288: 225.00396 | J288: 142 | K288: 92.4018 | L288: =100-($K$4-K288) -> 95.98887 | M288: =($L$15-L288)/($L$15*(1-$N$1)) -> 0.075189311 | P288: 225.01659 | Q288: 142 | R288: 98.87841 | S288: =100-($R$4-R288) -> 98.80259 | T288: =($S$13-S288)/($S$13*(1-$N$1)) -> 0.022741931 | W288: 250.00598 | X288: 142 | Y288: 88.23041 | Z288: =100-($Y$4-Y288) -> 93.67124 | AA288: =($Z$11-Z288)/($Z$11*(1-$N$1)) -> 0.11351154 | AD288: 250.01696 | AE288: 142 | AF288: 96.17165 | AG288: =100-($AF$4-AF288) -> 96.43314 | AH288: =($AG$9-AG288)/($AG$9*(1-$N$1)) -> 0.067992273 | AW288: 531.31938 | AX288: 142 | AY288: 39.41032 | AZ288: =100-($AY$4-AY288) -> 41.07597
B289: 200.01334 | C289: 142.5 | D289: 99.34039 | E289: =100-($D$4-D289) -> 100.46683 | F289: =($E$119-E289)/($E$119*(1-$N$1)) -> 0.0042699636 | I289: 225.00603 | J289: 142.5 | K289: 92.36409 | L289: =100-($K$4-K289) -> 95.95116 | M289: =($L$15-L289)/($L$15*(1-$N$1)) -> 0.07581541 | P289: 225.01781 | Q289: 142.5 | R289: 98.71669 | S289: =100-($R$4-R289) -> 98.64087 | T289: =($S$13-S289)/($S$13*(1-$N$1)) -> 0.025436348 | W289: 250.00595 | X289: 142.5 | Y289: 88.21706 | Z289: =100-($Y$4-Y289) -> 93.65789 | AA289: =($Z$11-Z289)/($Z$11*(1-$N$1)) -> 0.11373321 | AD289: 250.01882 | AE289: 142.5 | AF289: 96.15196 | AG289: =100-($AF$4-AF289) -> 96.41345 | AH289: =($AG$9-AG289)/($AG$9*(1-$N$1)) -> 0.068319149 | AW289: 532.81644 | AX289: 142.5 | AY289: 39.3569 | AZ289: =100-($AY$4-AY289) -> 41.02255
B290: 200.02425 | C290: 143 | D290: 99.25652 | E290: =100-($D$4-D290) -> 100.38296 | F290: =($E$119-E290)/($E$119*(1-$N$1)) -> 0.0056595948 | I290: 225.01104 | J290: 143 | K290: 92.38269 | L290: =100-($K$4-K290) -> 95.96976 | M290: =($L$15-L290)/($L$15*(1-$N$1)) -> 0.075506594 | P290: 225.01584 | Q290: 143 | R290: 98.85523 | S290: =100-($R$4-R290) -> 98.77941 | T290: =($S$13-S290)/($S$13*(1-$N$1)) -> 0.023128133 | W290: 250.00401 | X290: 143 | Y290: 88.18648 | Z290: =100-($Y$4-Y290) -> 93.62731 | AA290: =($Z$11-Z290)/($Z$11*(1-$N$1)) -> 0.11424098 | AD290: 250.02008 | AE290: 143 | AF290: 96.06386 | AG290: =100-($AF$4-AF290) -> 96.32535 | AH290: =($AG$9-AG290)/($AG$9*(1-$N$1)) -> 0.069781709 | AW290: 534.31753 | AX290: 143 | AY290: 39.31509 | AZ290: =100-($AY$4-AY290) -> 40.98074
B291: 200.02306 | C291: 143.5 | D291: 99.2606 | E291: =100-($D$4-D291) -> 100.38704 | F291: =($E$119-E291)/($E$119*(1-$N$1)) -> 0.0055919938 | I291: 225.0039 | J291: 143.5 | K291: 92.34906 | L291: =100-($K$4-K291) -> 95.93613 | M291: =($L$15-L291)/($L$15*(1-$N$1)) -> 0.076064953 | P291: 225.01946 | Q291: 143.5 | R291: 98.79962 | S291: =100-($R$4-R291) -> 98.7238 | T291: =($S$13-S291)/($S$13*(1-$N$1)) -> 0.024054652 | W291: 250.00097 | X291: 143.5 | Y291: 88.15577 | Z291: =100-($Y$4-Y291) -> 93.5966 | AA291: =($Z$11-Z291)/($Z$11*(1-$N$1)) -> 0.11475091 | AD291: 250.02023 | AE291: 143.5 | AF291: 96.15766 | AG291: =100-($AF$4-AF291) -> 96.41915 | AH291: =($AG$9-AG291)/($AG$9*(1-$N$1)) -> 0.068224523 | AW291: 535.82438 | AX291: 143.5 | AY291: 39.34188 | AZ291: =100-($AY$4-AY291) -> 41.00753
B292: 200.01652 | C292: 144 | D292: 99.24706 | E292: =100-($D$4-D292) -> 100.3735 | F292: =($E$119-E292)/($E$119*(1-$N$1)) -> 0.0058163363 | I292: 225.00393 | J292: 144 | K292: 92.35062 | L292: =100-($K$4-K292) -> 95.93769 | M292: =($L$15-L292)/($L$15*(1-$N$1)) -> 0.076039052 | P292: 225.01939 | Q292: 144 | R292: 98.86137 | S292: =100-($R$4-R292) -> 98.78555 | T292: =($S$13-S292)/($S$13*(1-$N$1)) -> 0.023025835 | W292: 250.00402 | X292: 144 | Y292: 88.14022 | Z292: =100-($Y$4-Y292) -> 93.58105 | AA292: =($Z$11-Z292)/($Z$11*(1-$N$1)) -> 0.11500911 | AD292: 250.01899 | AE292: 144 | AF292: 96.0823 | AG292: =100-($AF$4-AF292) -> 96.34379 | AH292: =($AG$9-AG292)/($AG$9*(1-$N$1)) -> 0.069475584 | AW292: 537.32259 | AX292: 144 | AY292: 39.30484 | AZ292: =100-($AY$4-AY292) -> 40.97049
B293: 200.00821 | C293: 144.5 | D293: 99.37793 | E293: =100-($D$4-D293) -> 100.50437 | F293: =($E$119-E293)/($E$119*(1-$N$1)) -> 0.0036479682 | I293: 225.00296 | J293: 144.5 | K293: 92.32492 | L293: =100-($K$4-K293) -> 95.91199 | M293: =($L$15-L293)/($L$15*(1-$N$1)) -> 0.076465749 | P293: 225.01812 | Q293: 144.5 | R293: 98.81471 | S293: =100-($R$4-R293) -> 98.73889 | T293: =($S$13-S293)/($S$13*(1-$N$1)) -> 0.023803237 | W293: 250.00699 | X293: 144.5 | Y293: 88.11171 | Z293: =100-($Y$4-Y293) -> 93.55254 | AA293: =($Z$11-Z293)/($Z$11*(1-$N$1)) -> 0.11548251 | AD293: 250.01983 | AE293: 144.5 | AF293: 96.08722 | AG293: =100-($AF$4-AF293) -> 96.34871 | AH293: =($AG$9-AG293)/($AG$9*(1-$N$1)) -> 0.069393907 | AW293: 538.82659 | AX293: 144.5 | AY293: 39.3267 | AZ293: =100-($AY$4-AY293) -> 40.99235
... B333: 200.03697 | C333: 164.5 | D333: 99.29498 | E333: =100-($D$4-D333) -> 100.42142 | F333: =($E$119-E333)/($E$119*(1-$N$1)) -> 0.005022356 | I333: 225.00709 | J333: 164.5 | K333: 91.89646 | L333: =100-($K$4-K333) -> 95.48353 | M333: =($L$15-L333)/($L$15*(1-$N$1)) -> 0.083579467 | P333: 225.01495 | Q333: 164.5 | R333: 98.6833 | S333: =100-($R$4-R333) -> 98.60748 | T333: =($S$13-S333)/($S$13*(1-$N$1)) -> 0.025992659 | W333: 250.00795 | X333: 164.5 | Y333: 87.26408 | Z333: =100-($Y$4-Y333) -> 92.70491 | AA333: =($Z$11-Z333)/($Z$11*(1-$N$1)) -> 0.12955713 | AD333: 250.01415 | AE333: 164.5 | AF333: 95.49994 | AG333: =100-($AF$4-AF333) -> 95.76143 | AH333: =($AG$9-AG333)/($AG$9*(1-$N$1)) -> 0.079143421 | AW333: 598.86618 | AX333: 164.5 | AY333: 38.52542 | AZ333: =100-($AY$4-AY333) -> 40.19107
B334: 200.04217 | C334: 165 | D334: 99.2177 | E334: =100-($D$4-D334) -> 100.34414 | F334: =($E$119-E334)/($E$119*(1-$N$1)) -> 0.0063027983 | I334: 225.00297 | J334: 165 | K334: 91.88347 | L334: =100-($K$4-K334) -> 95.47054 | M334: =($L$15-L334)/($L$15*(1-$N$1)) -> 0.08379514 | P334: 225.01705 | Q334: 165 | R334: 98.62179 | S334: =100-($R$4-R334) -> 98.54597 | T334: =($S$13-S334)/($S$13*(1-$N$1)) -> 0.027017477 | W334: 250.00401 | X334: 165 | Y334: 87.24119 | Z334: =100-($Y$4-Y334) -> 92.68202 | AA334: =($Z$11-Z334)/($Z$11*(1-$N$1)) -> 0.12993721 | AD334: 250.01303 | AE334: 165 | AF334: 95.52378 | AG334: =100-($AF$4-AF334) -> 95.78527 | AH334: =($AG$9-AG334)/($AG$9*(1-$N$1)) -> 0.07874765
B335: 200.05247 | C335: 165.5 | D335: 99.16355 | E335: =100-($D$4-D335) -> 100.28999 | F335: =($E$119-E335)/($E$119*(1-$N$1)) -> 0.0072000027 | I335: 225.00596 | J335: 165.5 | K335: 91.87403 | L335: =100-($K$4-K335) -> 95.4611 | M335: =($L$15-L335)/($L$15*(1-$N$1)) -> 0.083951872 | P335: 225.01776 | Q335: 165.5 | R335: 98.68807 | S335: =100-($R$4-R335) -> 98.61225 | T335: =($S$13-S335)/($S$13*(1-$N$1)) -> 0.025913186 | W335: 250.00501 | X335: 165.5 | Y335: 87.20866 | Z335: =100-($Y$4-Y335) -> 92.64949 | AA335: =($Z$11-Z335)/($Z$11*(1-$N$1)) -> 0.13047736 | AD335: 250.01529 | AE335: 165.5 | AF335: 95.49544 | AG335: =100-($AF$4-AF335) -> 95.75693 | AH335: =($AG$9-AG335)/($AG$9*(1-$N$1)) -> 0.079218126
B336: 200.05385 | C336: 166 | D336: 99.19811 | E336: =100-($D$4-D336) -> 100.32455 | F336: =($E$119-E336)/($E$119*(1-$N$1)) -> 0.0066273825 | I336: 225.00586 | J336: 166 | K336: 91.86688 | L336: =100-($K$4-K336) -> 95.45395 | M336: =($L$15-L336)/($L$15*(1-$N$1)) -> 0.084070584 | P336: 225.01688 | Q336: 166 | R336: 98.58102 | S336: =100-($R$4-R336) -> 98.5052 | T336: =($S$13-S336)/($S$13*(1-$N$1)) -> 0.027696746 | W336: 250.00603 | X336: 166 | Y336: 87.1932 | Z336: =100-($Y$4-Y336) -> 92.63403 | AA336: =($Z$11-Z336)/($Z$11*(1-$N$1)) -> 0.13073407 | AD336: 250.01679 | AE336: 166 | AF336: 95.6307 | AG336: =100-($AF$4-AF336) -> 95.89219 | AH336: =($AG$9-AG336)/($AG$9*(1-$N$1)) -> 0.076972657
B337: 200.04609 | C337: 166.5 | D337: 99.21841 | E337: =100-($D$4-D337) -> 100.34485 | F337: =($E$119-E337)/($E$119*(1-$N$1)) -> 0.0062910344 | I337: 225.00899 | J337: 166.5 | K337: 91.86198 | L337: =100-($K$4-K337) -> 95.44905 | M337: =($L$15-L337)/($L$15*(1-$N$1)) -> 0.084151938 | P337: 225.01772 | Q337: 166.5 | R337: 98.51897 | S337: =100-($R$4-R337) -> 98.44315 | T337: =($S$13-S337)/($S$13*(1-$N$1)) -> 0.028730561 | W337: 250.00299 | X337: 166.5 | Y337: 87.17411 | Z337: =100-($Y$4-Y337) -> 92.61494 | AA337: =($Z$11-Z337)/($Z$11*(1-$N$1)) -> 0.13105105 | AD337: 250.01716 | AE337: 166.5 | AF337: 95.54459 | AG337: =100-($AF$4-AF337) -> 95.80608 | AH337: =($AG$9-AG337)/($AG$9*(1-$N$1)) -> 0.078402181
B338: 200.03132 | C338: 167 | D338: 99.18832 | E338: =100-($D$4-D338) -> 100.31476 | F338: =($E$119-E338)/($E$119*(1-$N$1)) -> 0.0067895917 | I338: 225.00594 | J338: 167 | K338: 91.83019 | L338: =100-($K$4-K338) -> 95.41726 | M338: =($L$15-L338)/($L$15*(1-$N$1)) -> 0.084679748 | P338: 225.01802 | Q338: 167 | R338: 98.65392 | S338: =100-($R$4-R338) -> 98.5781 | T338: =($S$13-S338)/($S$13*(1-$N$1)) -> 0.026482159 | W338: 249.99998 | X338: 167 | Y338: 87.14517 | Z338: =100-($Y$4-Y338) -> 92.586 | AA338: =($Z$11-Z338)/($Z$11*(1-$N$1)) -> 0.13153159 | AD338: 250.01502 | AE338: 167 | AF338: 95.50691 | AG338: =100-($AF$4-AF338) -> 95.7684 | AH338: =($AG$9-AG338)/($AG$9*(1-$N$1)) -> 0.079027711
B339: 200.01574 | C339: 167.5 | D339: 99.17281 | E339: =100-($D$4-D339) -> 100.29925 | F339: =($E$119-E339)/($E$119*(1-$N$1)) -> 0.0070465749 | I339: 225.00197 | J339: 167.5 | K339: 91.84311 | L339: =100-($K$4-K339) -> 95.43018 | M339: =($L$15-L339)/($L$15*(1-$N$1)) -> 0.084465237 | P339: 225.01518 | Q339: 167.5 | R339: 98.64368 | S339: =100-($R$4-R339) -> 98.56786 | T339: =($S$13-S339)/($S$13*(1-$N$1)) -> 0.026652768 | W339: 250.00402 | X339: 167.5 | Y339: 87.11644 | Z339: =100-($Y$4-Y339) -> 92.55727 | AA339: =($Z$11-Z339)/($Z$11*(1-$N$1)) -> 0.13200865 | AD339: 250.01307 | AE339: 167.5 | AF339: 95.44466 | AG339: =100-($AF$4-AF339) -> 95.70615 | AH339: =($AG$9-AG339)/($AG$9*(1-$N$1)) -> 0.080061132
B340: 200.00582 | C340: 168 | D340: 99.16821 | E340: =100-($D$4-D340) -> 100.29465 | F340: =($E$119-E340)/($E$119*(1-$N$1)) -> 0.0071227917 | I340: 225.00706 | J340: 168 | K340: 91.83413 | L340: =100-($K$4-K340) -> 95.4212 | M340: =($L$15-L340)/($L$15*(1-$N$1)) -> 0.084614332 | P340: 225.01791 | Q340: 168 | R340: 98.66319 | S340: =100-($R$4-R340) -> 98.58737 | T340: =($S$13-S340)/($S$13*(1-$N$1)) -> 0.026327712 | W340: 250.00701 | X340: 168 | Y340: 87.11086 | Z340: =100-($Y$4-Y340) -> 92.55169 | AA340: =($Z$11-Z340)/($Z$11*(1-$N$1)) -> 0.1321013 | AD340: 250.00954 | AE340: 168 | AF340: 95.37568 | AG340: =100-($AF$4-AF340) -> 95.63717 | AH340: =($AG$9-AG340)/($AG$9*(1-$N$1)) -> 0.081206278
B341: 200.00549 | C341: 168.5 | D341: 99.19714 | E341: =100-($D$4-D341) -> 100.32358 | F341: =($E$119-E341)/($E$119*(1-$N$1)) -> 0.0066434543 | I341: 225.004 | J341: 168.5 | K341: 91.80495 | L341: =100-($K$4-K341) -> 95.39202 | M341: =($L$15-L341)/($L$15*(1-$N$1)) -> 0.085098807 | P341: 225.01818 | Q341: 168.5 | R341: 98.64094 | S341: =100-($R$4-R341) -> 98.56512 | T341: =($S$13-S341)/($S$13*(1-$N$1)) -> 0.026698419 | W341: 250.00797 | X341: 168.5 | Y341: 87.10483 | Z341: =100-($Y$4-Y341) -> 92.54566 | AA341: =($Z$11-Z341)/($Z$11*(1-$N$1)) -> 0.13220143 | AD341: 250.01021 | AE341: 168.5 | AF341: 95.39353 | AG341: =100-($AF$4-AF341) -> 95.65502 | AH341: =($AG$9-AG341)/($AG$9*(1-$N$1)) -> 0.080909948
B342: 200.00893 | C342: 169 | D342: 99.21748 | E342: =100-($D$4-D342) -> 100.34392 | F342: =($E$119-E342)/($E$119*(1-$N$1)) -> 0.0063064435 | I342: 225.00693 | J342: 169 | K342: 91.80841 | L342: =100-($K$4-K342) -> 95.39548 | M342: =($L$15-L342)/($L$15*(1-$N$1)) -> 0.085041361 | P342: 225.01723 | Q342: 169 | R342: 98.6814 | S342: =100-($R$4-R342) -> 98.60558 | T342: =($S$13-S342)/($S$13*(1-$N$1)) -> 0.026024315 | W342: 250.004 | X342: 169 | Y342: 87.07435 | Z342: =100-($Y$4-Y342) -> 92.51518 | AA342: =($Z$11-Z342)/($Z$11*(1-$N$1)) -> 0.13270754 | AD342: 250.00891 | AE342: 169 | AF342: 95.47225 | AG342: =100-($AF$4-AF342) -> 95.73374 | AH342: =($AG$9-AG342)/($AG$9*(1-$N$1)) -> 0.079603107
B343: 200.01039 | C343: 169.5 | D343: 99.19051 | E343: =100-($D$4-D343) -> 100.31695 | F343: =($E$119-E343)/($E$119*(1-$N$1)) -> 0.0067533059 | I343: 225.00597 | J343: 169.5 | K343: 91.80348 | L343: =100-($K$4-K343) -> 95.39055 | M343: =($L$15-L343)/($L$15*(1-$N$1)) -> 0.085123214 | P343: 225.01465 | Q343: 169.5 | R343: 98.70263 | S343: =100-($R$4-R343) -> 98.62681 | T343: =($S$13-S343)/($S$13*(1-$N$1)) -> 0.025670602 | W343: 250.00802 | X343: 169.5 | Y343: 87.08391 | Z343: =100-($Y$4-Y343) -> 92.52474 | AA343: =($Z$11-Z343)/($Z$11*(1-$N$1)) -> 0.1325488 | AD343: 250.00784 | AE343: 169.5 | AF343: 95.4466 | AG343: =100-($AF$4-AF343) -> 95.70809 | AH343: =($AG$9-AG343)/($AG$9*(1-$N$1)) -> 0.080028926
B344: 200.02076 | C344: 170 | D344: 99.20711 | E344: =100-($D$4-D344) -> 100.33355 | F344: =($E$119-E344)/($E$119*(1-$N$1)) -> 0.0064782627 | I344: 225.00596 | J344: 170 | K344: 91.79207 | L344: =100-($K$4-K344) -> 95.37914 | M344: =($L$15-L344)/($L$15*(1-$N$1)) -> 0.085312654 | P344: 225.01439 | Q344: 170 | R344: 98.68222 | S344: =100-($R$4-R344) -> 98.6064 | T344: =($S$13-S344)/($S$13*(1-$N$1)) -> 0.026010653 | W344: 250.01302 | X344: 170 | Y344: 87.05504 | Z344: =100-($Y$4-Y344) -> 92.49587 | AA344: =($Z$11-Z344)/($Z$11*(1-$N$1)) -> 0.13302817 | AD344: 250.01022 | AE344: 170 | AF344: 95.47814 | AG344: =100-($AF$4-AF344) -> 95.73963 | AH344: =($AG$9-AG344)/($AG$9*(1-$N$1)) -> 0.079505326
B345: 200.04537 | C345: 170.5 | D345: 99.32636 | E345: =100-($D$4-D345) -> 100.4528 | F345: =($E$119-E345)/($E$119*(1-$N$1)) -> 0.0045024249 | I345: 225.00108 | J345: 170.5 | K345: 91.76202 | L345: =100-($K$4-K345) -> 95.34909 | M345: =($L$15-L345)/($L$15*(1-$N$1)) -> 0.085811574 | P345: 225.01647 | Q345: 170.5 | R345: 98.58939 | S345: =100-($R$4-R345) -> 98.51357 | T345: =($S$13-S345)/($S$13*(1-$N$1)) -> 0.027557294 | W345: 250.00899 | X345: 170.5 | Y345: 87.01503 | Z345: =100-($Y$4-Y345) -> 92.45586 | AA345: =($Z$11-Z345)/($Z$11*(1-$N$1)) -> 0.13369253 | AD345: 250.01216 | AE345: 170.5 | AF345: 95.42307 | AG345: =100-($AF$4-AF345) -> 95.68456 | AH345: =($AG$9-AG345)/($AG$9*(1-$N$1)) -> 0.080419551
... B483: 200.0214 | C483: 239.5 | D483: 99.1159 | E483: =100-($D$4-D483) -> 100.24234 | F483: =($E$119-E483)/($E$119*(1-$N$1)) -> 0.0079895093 | I483: 225.00889 | J483: 239.5 | K483: 90.35969 | L483: =100-($K$4-K483) -> 93.94676 | M483: =($L$15-L483)/($L$15*(1-$N$1)) -> 0.10909445 | P483: 225.01825 | Q483: 239.5 | R483: 98.04413 | S483: =100-($R$4-R483) -> 97.96831 | T483: =($S$13-S483)/($S$13*(1-$N$1)) -> 0.03664187 | W483: 250.007 | X483: 239.5 | Y483: 84.55854 | Z483: =100-($Y$4-Y483) -> 89.99937 | AA483: =($Z$11-Z483)/($Z$11*(1-$N$1)) -> 0.17448174 | AD483: 250.02399 | AE483: 239.5 | AF483: 93.78928 | AG483: =100-($AF$4-AF483) -> 94.05077 | AH483: =($AG$9-AG483)/($AG$9*(1-$N$1)) -> 0.10754232
W484: 250.003 | X484: 240 | Y484: 84.54524 | Z484: =100-($Y$4-Y484) -> 89.98607 | AA484: =($Z$11-Z484)/($Z$11*(1-$N$1)) -> 0.17470258 | AD484: 250.02421 | AE484: 240 | AF484: 93.71433 | AG484: =100-($AF$4-AF484) -> 93.97582 | AH484: =($AG$9-AG484)/($AG$9*(1-$N$1)) -> 0.10878657
W485: 250.00396 | X485: 240.5 | Y485: 84.52774 | Z485: =100-($Y$4-Y485) -> 89.96857 | AA485: =($Z$11-Z485)/($Z$11*(1-$N$1)) -> 0.17499316 | AD485: 250.02306 | AE485: 240.5 | AF485: 93.69863 | AG485: =100-($AF$4-AF485) -> 93.96012 | AH485: =($AG$9-AG485)/($AG$9*(1-$N$1)) -> 0.10904721
W486: 250.00299 | X486: 241 | Y486: 84.50683 | Z486: =100-($Y$4-Y486) -> 89.94766 | AA486: =($Z$11-Z486)/($Z$11*(1-$N$1)) -> 0.17534037 | AD486: 250.01988 | AE486: 241 | AF486: 93.67985 | AG486: =100-($AF$4-AF486) -> 93.94134 | AH486: =($AG$9-AG486)/($AG$9*(1-$N$1)) -> 0.10935898
W487: 250.00599 | X487: 241.5 | Y487: 84.49332 | Z487: =100-($Y$4-Y487) -> 89.93415 | AA487: =($Z$11-Z487)/($Z$11*(1-$N$1)) -> 0.1755647 | AD487: 250.02035 | AE487: 241.5 | AF487: 93.69494 | AG487: =100-($AF$4-AF487) -> 93.95643 | AH487: =($AG$9-AG487)/($AG$9*(1-$N$1)) -> 0.10910847
W488: 250.00597 | X488: 242 | Y488: 84.484 | Z488: =100-($Y$4-Y488) -> 89.92483 | AA488: =($Z$11-Z488)/($Z$11*(1-$N$1)) -> 0.17571945 | AD488: 250.01572 | AE488: 242 | AF488: 93.73596 | AG488: =100-($AF$4-AF488) -> 93.99745 | AH488: =($AG$9-AG488)/($AG$9*(1-$N$1)) -> 0.10842749
W489: 250.01099 | X489: 242.5 | Y489: 84.47614 | Z489: =100-($Y$4-Y489) -> 89.91697 | AA489: =($Z$11-Z489)/($Z$11*(1-$N$1)) -> 0.17584996 | AD489: 250.01654 | AE489: 242.5 | AF489: 93.62347 | AG489: =100-($AF$4-AF489) -> 93.88496 | AH489: =($AG$9-AG489)/($AG$9*(1-$N$1)) -> 0.11029495
W490: 250.00602 | X490: 243 | Y490: 84.45697 | Z490: =100-($Y$4-Y490) -> 89.8978 | AA490: =($Z$11-Z490)/($Z$11*(1-$N$1)) -> 0.17616828 | AD490: 250.02006 | AE490: 243 | AF490: 93.72734 | AG490: =100-($AF$4-AF490) -> 93.98883 | AH490: =($AG$9-AG490)/($AG$9*(1-$N$1)) -> 0.10857059
W491: 250.00503 | X491: 243.5 | Y491: 84.42827 | Z491: =100-($Y$4-Y491) -> 89.8691 | AA491: =($Z$11-Z491)/($Z$11*(1-$N$1)) -> 0.17664483 | AD491: 250.0202 | AE491: 243.5 | AF491: 93.55891 | AG491: =100-($AF$4-AF491) -> 93.8204 | AH491: =($AG$9-AG491)/($AG$9*(1-$N$1)) -> 0.11136672
W492: 250.005 | X492: 244 | Y492: 84.4149 | Z492: =100-($Y$4-Y492) -> 89.85573 | AA492: =($Z$11-Z492)/($Z$11*(1-$N$1)) -> 0.17686683 | AD492: 250.01967 | AE492: 244 | AF492: 93.57752 | AG492: =100-($AF$4-AF492) -> 93.83901 | AH492: =($AG$9-AG492)/($AG$9*(1-$N$1)) -> 0.11105778
W493: 250.001 | X493: 244.5 | Y493: 84.40319 | Z493: =100-($Y$4-Y493) -> 89.84402 | AA493: =($Z$11-Z493)/($Z$11*(1-$N$1)) -> 0.17706127 | AD493: 250.0197 | AE493: 244.5 | AF493: 93.54815 | AG493: =100-($AF$4-AF493) -> 93.80964 | AH493: =($AG$9-AG493)/($AG$9*(1-$N$1)) -> 0.11154535
W494: 250.00003 | X494: 245 | Y494: 84.38609 | Z494: =100-($Y$4-Y494) -> 89.82692 | AA494: =($Z$11-Z494)/($Z$11*(1-$N$1)) -> 0.17734521 | AD494: 250.02117 | AE494: 245 | AF494: 93.55436 | AG494: =100-($AF$4-AF494) -> 93.81585 | AH494: =($AG$9-AG494)/($AG$9*(1-$N$1)) -> 0.11144226
W495: 250.00098 | X495: 245.5 | Y495: 84.35727 | Z495: =100-($Y$4-Y495) -> 89.7981 | AA495: =($Z$11-Z495)/($Z$11*(1-$N$1)) -> 0.17782376 | AD495: 250.02058 | AE495: 245.5 | AF495: 93.61331 | AG495: =100-($AF$4-AF495) -> 93.8748 | AH495: =($AG$9-AG495)/($AG$9*(1-$N$1)) -> 0.11046362
... W1203: 250.00702 | X1203: 599.5 | Y1203: 76.14462 | Z1203: =100-($Y$4-Y1203) -> 81.58545 | AA1203: =($Z$11-Z1203)/($Z$11*(1-$N$1)) -> 0.31419213 | AD1203: 250.01147 | AE1203: 599.5 | AF1203: 86.3623 | AG1203: =100-($AF$4-AF1203) -> 86.62379 | AH1203: =($AG$9-AG1203)/($AG$9*(1-$N$1)) -> 0.23083862

Sheet All Data, WS500 20% O2
L1: Ash Fraction: | M1: =17.28/100 -> 0.1728
C3: 200C Odin | I3: 225C Sif | O3: 225C Odin | U3: 250 Sif | AA3: 250 Odin | AF3: Linear (1) | AL3: Linear (2) | AR3: Linear (Used, Real)
B5: Temp | C5: Time corrected | D5: mass% raw | E5: mass% corrected | F5: X_C | H5: Temp | I5: Time corrected | J5: mass% raw | K5: mass% corrected | L5: X_C | N5: Temp | O5: Time corrected | P5: mass% raw | Q5: mass% corrected | R5: X_C | T5: Temp | U5: Time corrected | V5: mass% raw | W5: mass% corrected | X5: X_C | Z5: Temp | AA5: Time corrected | AB5: mass% raw | AC5: mass% corrected | AD5: X_C | AF5: TEMP | AG5: TIME CORRECTED | AH5: mass% raw | AI5: mass% corrected | AJ5: X_C | AL5: TEMP | AM5: TIME CORRECTED | AN5: mass% raw | AO5: mass% corrected | AP5: X_C | AR5: TEMP | AS5: TIME | AT5: MASS% | AU5: CORRECTED
B6: 200.13754 | C6: 0 | D6: 99.2867 | E6: =100-($D$6-D6) -> 100 | H6: 225.0022 | I6: 0 | J6: 95.89242 | K6: =100-($J$6-J6) -> 100 | N6: 225.01424 | O6: 0 | P6: 99.86442 | Q6: =100-($P$6-P6) -> 100 | T6: 250.00404 | U6: 0 | V6: 95.8426 | W6: =100-($V$6-V6) -> 100 | Z6: 250.0306 | AA6: 0 | AB6: 100.07674 | AC6: =100-($AB$6-AB6) -> 100 | AF6: 105.24614 | AG6: 0 | AH6: 96.99231 | AI6: =100-($AH$6-AH6) -> 100 | AL6: 105.24296 | AM6: 0 | AN6: 96.9065 | AO6: =100-($AN$6-AN6) -> 100 | AR6: 88.56245 | AS6: 0 | AT6: 99.34551 | AU6: =100-($AT$6-AT6) -> 100
B7: 202.32401 | C7: 0.5 | D7: 99.31842 | E7: =100-($D$6-D7) -> 100.03172 | H7: 225.19024 | I7: 0.5 | J7: 95.967 | K7: =100-($J$6-J7) -> 100.07458 | N7: 227.13638 | O7: 0.5 | P7: 99.88271 | Q7: =100-($P$6-P7) -> 100.01829 | T7: 250.3317 | U7: 0.5 | V7: 95.97793 | W7: =100-($V$6-V7) -> 100.13533 | Z7: 250.10088 | AA7: 0.5 | AB7: 100.2651 | AC7: =100-($AB$6-AB7) -> 100.18836 | AF7: 106.53965 | AG7: 0.5 | AH7: 97.01694 | AI7: =100-($AH$6-AH7) -> 100.02463 | AJ7: =($AI$7-AI7)/($AI$7*(1-$M$1)) -> 0 | AL7: 106.52568 | AM7: 0.5 | AN7: 96.96309 | AO7: =100-($AN$6-AN7) -> 100.05659 | AR7: 91.03717 | AS7: 0.5 | AT7: 99.35674 | AU7: =100-($AT$6-AT7) -> 100.01123
B8: 204.02187 | C8: 1 | D8: 99.32854 | E8: =100-($D$6-D8) -> 100.04184 | H8: 225.29404 | I8: 1 | J8: 96.08491 | K8: =100-($J$6-J8) -> 100.19249 | N8: 228.74259 | O8: 1 | P8: 100.04307 | Q8: =100-($P$6-P8) -> 100.17865 | T8: 250.50292 | U8: 1 | V8: 96.13007 | W8: =100-($V$6-V8) -> 100.28747 | Z8: 250.20709 | AA8: 1 | AB8: 100.48717 | AC8: =100-($AB$6-AB8) -> 100.41043 | AF8: 108.3906 | AG8: 1 | AH8: 96.9899 | AI8: =100-($AH$6-AH8) -> 99.99759 | AJ8: =($AI$7-AI8)/($AI$7*(1-$M$1)) -> 0.00032680539 | AL8: 108.3897 | AM8: 1 | AN8: 96.9778 | AO8: =100-($AN$6-AN8) -> 100.0713 | AR8: 94.69499 | AS8: 1 | AT8: 99.3449 | AU8: =100-($AT$6-AT8) -> 99.99939
B9: 205.1072 | C9: 1.5 | D9: 99.48585 | E9: =100-($D$6-D9) -> 100.19915 | H9: 225.2497 | I9: 1.5 | J9: 96.12092 | K9: =100-($J$6-J9) -> 100.2285 | N9: 229.70961 | O9: 1.5 | P9: 100.01632 | Q9: =100-($P$6-P9) -> 100.1519 | T9: 250.40885 | U9: 1.5 | V9: 96.21449 | W9: =100-($V$6-V9) -> 100.37189 | Z9: 250.23091 | AA9: 1.5 | AB9: 100.63858 | AC9: =100-($AB$6-AB9) -> 100.56184 | AF9: 110.66411 | AG9: 1.5 | AH9: 97.00504 | AI9: =100-($AH$6-AH9) -> 100.01273 | AJ9: =($AI$7-AI9)/($AI$7*(1-$M$1)) -> 0.00014382338 | AL9: 110.66279 | AM9: 1.5 | AN9: 96.97674 | AO9: =100-($AN$6-AN9) -> 100.07024 | AR9: 98.78422 | AS9: 1.5 | AT9: 99.33503 | AU9: =100-($AT$6-AT9) -> 99.98952
B10: 205.68174 | C10: 2 | D10: 99.38137 | E10: =100-($D$6-D10) -> 100.09467 | H10: 225.1747 | I10: 2 | J10: 96.17595 | K10: =100-($J$6-J10) -> 100.28353 | N10: 230.15885 | O10: 2 | P10: 100.07545 | Q10: =100-($P$6-P10) -> 100.21103 | T10: 250.26179 | U10: 2 | V10: 96.26242 | W10: =100-($V$6-V10) -> 100.41982 | Z10: 250.19853 | AA10: 2 | AB10: 100.62768 | AC10: =100-($AB$6-AB10) -> 100.55094 | AF10: 113.18211 | AG10: 2 | AH10: 96.98857 | AI10: =100-($AH$6-AH10) -> 99.99626 | AJ10: =($AI$7-AI10)/($AI$7*(1-$M$1)) -> 0.00034287977 | AL10: 113.19429 | AM10: 2 | AN10: 96.99134 | AO10: =100-($AN$6-AN10) -> 100.08484 | AP10: =($AO$10-AO10)/($AO$10*(1-$M$1)) -> 0 | AR10: 102.84047 | AS10: 2 | AT10: 99.3251 | AU10: =100-($AT$6-AT10) -> 99.97959
B11: 205.92954 | C11: 2.5 | D11: 99.40736 | E11: =100-($D$6-D11) -> 100.12066 | H11: 225.10865 | I11: 2.5 | J11: 96.19419 | K11: =100-($J$6-J11) -> 100.30177 | N11: 230.31051 | O11: 2.5 | P11: 100.15618 | Q11: =100-($P$6-P11) -> 100.29176 | T11: 250.14185 | U11: 2.5 | V11: 96.30456 | W11: =100-($V$6-V11) -> 100.46196 | Z11: 250.15042 | AA11: 2.5 | AB11: 100.78744 | AC11: =100-($AB$6-AB11) -> 100.7107 | AF11: 115.86236 | AG11: 2.5 | AH11: 96.9993 | AI11: =100-($AH$6-AH11) -> 100.00699 | AJ11: =($AI$7-AI11)/($AI$7*(1-$M$1)) -> 0.00021319701 | AL11: 115.86379 | AM11: 2.5 | AN11: 96.95929 | AO11: =100-($AN$6-AN11) -> 100.05279 | AP11: =($AO$10-AO11)/($AO$10*(1-$M$1)) -> 0.00038712321 | AR11: 106.59145 | AS11: 2.5 | AT11: 99.35008 | AU11: =100-($AT$6-AT11) -> 100.00457
B12: 205.99668 | C12: 3 | D12: 99.52164 | E12: =100-($D$6-D12) -> 100.23494 | H12: 225.0498 | I12: 3 | J12: 96.19421 | K12: =100-($J$6-J12) -> 100.30179 | N12: 230.32631 | O12: 3 | P12: 100.24469 | Q12: =100-($P$6-P12) -> 100.38027 | T12: 250.05887 | U12: 3 | V12: 96.35068 | W12: =100-($V$6-V12) -> 100.50808 | Z12: 250.11347 | AA12: 3 | AB12: 100.6946 | AC12: =100-($AB$6-AB12) -> 100.61786 | AF12: 118.60193 | AG12: 3 | AH12: 96.96458 | AI12: =100-($AH$6-AH12) -> 99.97227 | AJ12: =($AI$7-AI12)/($AI$7*(1-$M$1)) -> 0.00063282286 | AL12: 118.61694 | AM12: 3 | AN12: 96.93421 | AO12: =100-($AN$6-AN12) -> 100.02771 | AP12: =($AO$10-AO12)/($AO$10*(1-$M$1)) -> 0.00069005769 | AR12: 109.94798 | AS12: 3 | AT12: 99.33544 | AU12: =100-($AT$6-AT12) -> 99.98993
B13: 205.97029 | C13: 3.5 | D13: 99.5658 | E13: =100-($D$6-D13) -> 100.2791 | H13: 225.01489 | I13: 3.5 | J13: 96.23912 | K13: =100-($J$6-J13) -> 100.3467 | N13: 230.2874 | O13: 3.5 | P13: 100.23308 | Q13: =100-($P$6-P13) -> 100.36866 | T13: 249.99692 | U13: 3.5 | V13: 96.37281 | W13: =100-($V$6-V13) -> 100.53021 | Z13: 250.08651 | AA13: 3.5 | AB13: 100.85159 | AC13: =100-($AB$6-AB13) -> 100.77485 | AF13: 121.36984 | AG13: 3.5 | AH13: 96.94174 | AI13: =100-($AH$6-AH13) -> 99.94943 | AJ13: =($AI$7-AI13)/($AI$7*(1-$M$1)) -> 0.00090886706 | AL13: 121.38763 | AM13: 3.5 | AN13: 96.93166 | AO13: =100-($AN$6-AN13) -> 100.02516 | AP13: =($AO$10-AO13)/($AO$10*(1-$M$1)) -> 0.00072085844 | AR13: 112.88425 | AS13: 3.5 | AT13: 99.31143 | AU13: =100-($AT$6-AT13) -> 99.96592
B14: 205.87992 | C14: 4 | D14: 99.52699 | E14: =100-($D$6-D14) -> 100.24029 | H14: 224.9908 | I14: 4 | J14: 96.25166 | K14: =100-($J$6-J14) -> 100.35924 | N14: 230.20675 | O14: 4 | P14: 100.22795 | Q14: =100-($P$6-P14) -> 100.36353 | T14: 249.95792 | U14: 4 | V14: 96.38665 | W14: =100-($V$6-V14) -> 100.54405 | Z14: 250.0679 | AA14: 4 | AB14: 100.84871 | AC14: =100-($AB$6-AB14) -> 100.77197 | AF14: 124.13326 | AG14: 4 | AH14: 96.92538 | AI14: =100-($AH$6-AH14) -> 99.93307 | AJ14: =($AI$7-AI14)/($AI$7*(1-$M$1)) -> 0.001106594 | AL14: 124.1364 | AM14: 4 | AN14: 96.89289 | AO14: =100-($AN$6-AN14) -> 99.98639 | AP14: =($AO$10-AO14)/($AO$10*(1-$M$1)) -> 0.0011891507 | AR14: 115.42524 | AS14: 4 | AT14: 99.31795 | AU14: =100-($AT$6-AT14) -> 99.97244
B15: 205.72739 | C15: 4.5 | D15: 99.49221 | E15: =100-($D$6-D15) -> 100.20551 | H15: 224.97685 | I15: 4.5 | J15: 96.24643 | K15: =100-($J$6-J15) -> 100.35401 | N15: 230.06839 | O15: 4.5 | P15: 100.39991 | Q15: =100-($P$6-P15) -> 100.53549 | T15: 249.94597 | U15: 4.5 | V15: 96.40255 | W15: =100-($V$6-V15) -> 100.55995 | Z15: 250.05477 | AA15: 4.5 | AB15: 100.79655 | AC15: =100-($AB$6-AB15) -> 100.71981 | AF15: 126.84022 | AG15: 4.5 | AH15: 96.91502 | AI15: =100-($AH$6-AH15) -> 99.92271 | AJ15: =($AI$7-AI15)/($AI$7*(1-$M$1)) -> 0.0012318049 | AL15: 126.84249 | AM15: 4.5 | AN15: 96.87774 | AO15: =100-($AN$6-AN15) -> 99.97124 | AP15: =($AO$10-AO15)/($AO$10*(1-$M$1)) -> 0.0013721434 | AR15: 117.64344 | AS15: 4.5 | AT15: 99.3062 | AU15: =100-($AT$6-AT15) -> 99.96069
B16: 205.50274 | C16: 5 | D16: 99.55578 | E16: =100-($D$6-D16) -> 100.26908 | H16: 224.96697 | I16: 5 | J16: 96.25544 | K16: =100-($J$6-J16) -> 100.36302 | N16: 229.85206 | O16: 5 | P16: 100.21492 | Q16: =100-($P$6-P16) -> 100.3505 | T16: 249.94298 | U16: 5 | V16: 96.42681 | W16: =100-($V$6-V16) -> 100.58421 | Z16: 250.04676 | AA16: 5 | AB16: 100.89208 | AC16: =100-($AB$6-AB16) -> 100.81534 | AF16: 129.50186 | AG16: 5 | AH16: 96.87951 | AI16: =100-($AH$6-AH16) -> 99.8872 | AJ16: =($AI$7-AI16)/($AI$7*(1-$M$1)) -> 0.0016609787 | AL16: 129.49874 | AM16: 5 | AN16: 96.85992 | AO16: =100-($AN$6-AN16) -> 99.95342 | AP16: =($AO$10-AO16)/($AO$10*(1-$M$1)) -> 0.0015873863 | AR16: 119.60632 | AS16: 5 | AT16: 99.30908 | AU16: =100-($AT$6-AT16) -> 99.96357
B17: 205.20155 | C17: 5.5 | D17: 99.59917 | E17: =100-($D$6-D17) -> 100.31247 | H17: 224.968 | I17: 5.5 | J17: 96.28191 | K17: =100-($J$6-J17) -> 100.38949 | N17: 229.57033 | O17: 5.5 | P17: 100.21313 | Q17: =100-($P$6-P17) -> 100.34871 | T17: 249.94199 | U17: 5.5 | V17: 96.43915 | W17: =100-($V$6-V17) -> 100.59655 | Z17: 250.03738 | AA17: 5.5 | AB17: 100.87633 | AC17: =100-($AB$6-AB17) -> 100.79959 | AF17: 132.14314 | AG17: 5.5 | AH17: 96.86395 | AI17: =100-($AH$6-AH17) -> 99.87164 | AJ17: =($AI$7-AI17)/($AI$7*(1-$M$1)) -> 0.0018490368 | AL17: 132.14378 | AM17: 5.5 | AN17: 96.84965 | AO17: =100-($AN$6-AN17) -> 99.94315 | AP17: =($AO$10-AO17)/($AO$10*(1-$M$1)) -> 0.0017114349 | AR17: 121.38794 | AS17: 5.5 | AT17: 99.28993 | AU17: =100-($AT$6-AT17) -> 99.94442
B18: 204.84555 | C18: 6 | D18: 99.48091 | E18: =100-($D$6-D18) -> 100.19421 | H18: 224.97083 | I18: 6 | J18: 96.2663 | K18: =100-($J$6-J18) -> 100.37388 | N18: 229.23922 | O18: 6 | P18: 100.36311 | Q18: =100-($P$6-P18) -> 100.49869 | T18: 249.95198 | U18: 6 | V18: 96.44501 | W18: =100-($V$6-V18) -> 100.60241 | Z18: 250.02669 | AA18: 6 | AB18: 100.7816 | AC18: =100-($AB$6-AB18) -> 100.70486 | AF18: 134.76502 | AG18: 6 | AH18: 96.83666 | AI18: =100-($AH$6-AH18) -> 99.84435 | AJ18: =($AI$7-AI18)/($AI$7*(1-$M$1)) -> 0.0021788637 | AL18: 134.76534 | AM18: 6 | AN18: 96.81293 | AO18: =100-($AN$6-AN18) -> 99.90643 | AP18: =($AO$10-AO18)/($AO$10*(1-$M$1)) -> 0.0021549657 | AR18: 123.04157 | AS18: 6 | AT18: 99.29192 | AU18: =100-($AT$6-AT18) -> 99.94641
B19: 204.45732 | C19: 6.5 | D19: 99.57294 | E19: =100-($D$6-D19) -> 100.28624 | H19: 224.97686 | I19: 6.5 | J19: 96.25283 | K19: =100-($J$6-J19) -> 100.36041 | N19: 228.87646 | O19: 6.5 | P19: 100.22019 | Q19: =100-($P$6-P19) -> 100.35577 | T19: 249.954 | U19: 6.5 | V19: 96.45092 | W19: =100-($V$6-V19) -> 100.60832 | Z19: 250.01678 | AA19: 6.5 | AB19: 100.90948 | AC19: =100-($AB$6-AB19) -> 100.83274 | AF19: 137.35039 | AG19: 6.5 | AH19: 96.79717 | AI19: =100-($AH$6-AH19) -> 99.80486 | AJ19: =($AI$7-AI19)/($AI$7*(1-$M$1)) -> 0.0026561398 | AL19: 137.34816 | AM19: 6.5 | AN19: 96.76816 | AO19: =100-($AN$6-AN19) -> 99.86166 | AP19: =($AO$10-AO19)/($AO$10*(1-$M$1)) -> 0.0026957304 | AR19: 124.59525 | AS19: 6.5 | AT19: 99.26671 | AU19: =100-($AT$6-AT19) -> 99.9212
B20: 204.04987 | C20: 7 | D20: 99.51127 | E20: =100-($D$6-D20) -> 100.22457 | H20: 224.97709 | I20: 7 | J20: 96.28792 | K20: =100-($J$6-J20) -> 100.3955 | L20: =($K$20-K20)/($K$20*(1-$M$1)) -> 0 | N20: 228.5092 | O20: 7 | P20: 100.32958 | Q20: =100-($P$6-P20) -> 100.46516 | T20: 249.959 | U20: 7 | V20: 96.46901 | W20: =100-($V$6-V20) -> 100.62641 | Z20: 250.00823 | AA20: 7 | AB20: 100.81736 | AC20: =100-($AB$6-AB20) -> 100.74062 | AF20: 139.89643 | AG20: 7 | AH20: 96.78861 | AI20: =100-($AH$6-AH20) -> 99.7963 | AJ20: =($AI$7-AI20)/($AI$7*(1-$M$1)) -> 0.0027595959 | AL20: 139.89721 | AM20: 7 | AN20: 96.7563 | AO20: =100-($AN$6-AN20) -> 99.8498 | AP20: =($AO$10-AO20)/($AO$10*(1-$M$1)) -> 0.0028389841 | AR20: 126.11534 | AS20: 7 | AT20: 99.25506 | AU20: =100-($AT$6-AT20) -> 99.90955
B21: 203.64996 | C21: 7.5 | D21: 99.62078 | E21: =100-($D$6-D21) -> 100.33408 | H21: 224.98104 | I21: 7.5 | J21: 96.27674 | K21: =100-($J$6-J21) -> 100.38432 | L21: =($K$20-K21)/($K$20*(1-$M$1)) -> 0.00013462231 | N21: 228.15946 | O21: 7.5 | P21: 100.4316 | Q21: =100-($P$6-P21) -> 100.56718 | T21: 249.961 | U21: 7.5 | V21: 96.47508 | W21: =100-($V$6-V21) -> 100.63248 | X21: =($W$21-W21)/($W$21*(1-$M$1)) -> 0 | Z21: 249.99992 | AA21: 7.5 | AB21: 100.93646 | AC21: =100-($AB$6-AB21) -> 100.85972 | AF21: 142.44809 | AG21: 7.5 | AH21: 96.74663 | AI21: =100-($AH$6-AH21) -> 99.75432 | AJ21: =($AI$7-AI21)/($AI$7*(1-$M$1)) -> 0.0032669661 | AL21: 142.45516 | AM21: 7.5 | AN21: 96.75773 | AO21: =100-($AN$6-AN21) -> 99.85123 | AP21: =($AO$10-AO21)/($AO$10*(1-$M$1)) -> 0.0028217115 | AR21: 127.59842 | AS21: 7.5 | AT21: 99.28084 | AU21: =100-($AT$6-AT21) -> 99.93533
B22: 203.2737 | C22: 8 | D22: 99.62749 | E22: =100-($D$6-D22) -> 100.34079 | H22: 224.98303 | I22: 8 | J22: 96.27496 | K22: =100-($J$6-J22) -> 100.38254 | L22: =($K$20-K22)/($K$20*(1-$M$1)) -> 0.00015605591 | N22: 227.83213 | O22: 8 | P22: 100.3665 | Q22: =100-($P$6-P22) -> 100.50208 | T22: 249.97202 | U22: 8 | V22: 96.46475 | W22: =100-($V$6-V22) -> 100.62215 | X22: =($W$21-W22)/($W$21*(1-$M$1)) -> 0.00012409424 | Z22: 249.99879 | AA22: 8 | AB22: 100.89754 | AC22: =100-($AB$6-AB22) -> 100.8208 | AF22: 145.01178 | AG22: 8 | AH22: 96.73217 | AI22: =100-($AH$6-AH22) -> 99.73986 | AJ22: =($AI$7-AI22)/($AI$7*(1-$M$1)) -> 0.0034417297 | AL22: 145.01205 | AM22: 8 | AN22: 96.71525 | AO22: =100-($AN$6-AN22) -> 99.80875 | AP22: =($AO$10-AO22)/($AO$10*(1-$M$1)) -> 0.0033348158 | AR22: 129.07237 | AS22: 8 | AT22: 99.27558 | AU22: =100-($AT$6-AT22) -> 99.93007
B23: 202.9223 | C23: 8.5 | D23: 99.62425 | E23: =100-($D$6-D23) -> 100.33755 | H23: 224.98508 | I23: 8.5 | J23: 96.26048 | K23: =100-($J$6-J23) -> 100.36806 | L23: =($K$20-K23)/($K$20*(1-$M$1)) -> 0.00033041468 | N23: 227.53049 | O23: 8.5 | P23: 100.29575 | Q23: =100-($P$6-P23) -> 100.43133 | T23: 249.97604 | U23: 8.5 | V23: 96.44696 | W23: =100-($V$6-V23) -> 100.60436 | X23: =($W$21-W23)/($W$21*(1-$M$1)) -> 0.00033780542 | Z23: 249.99602 | AA23: 8.5 | AB23: 100.89047 | AC23: =100-($AB$6-AB23) -> 100.81373 | AF23: 147.53725 | AG23: 8.5 | AH23: 96.71772 | AI23: =100-($AH$6-AH23) -> 99.72541 | AJ23: =($AI$7-AI23)/($AI$7*(1-$M$1)) -> 0.0036163723 | AL23: 147.51711 | AM23: 8.5 | AN23: 96.69542 | AO23: =100-($AN$6-AN23) -> 99.78892 | AP23: =($AO$10-AO23)/($AO$10*(1-$M$1)) -> 0.003574337 | AR23: 130.52289 | AS23: 8.5 | AT23: 99.26275 | AU23: =100-($AT$6-AT23) -> 99.91724
B24: 202.59182 | C24: 9 | D24: 99.61363 | E24: =100-($D$6-D24) -> 100.32693 | H24: 224.98995 | I24: 9 | J24: 96.25803 | K24: =100-($J$6-J24) -> 100.36561 | L24: =($K$20-K24)/($K$20*(1-$M$1)) -> 0.00035991599 | N24: 227.24494 | O24: 9 | P24: 100.32734 | Q24: =100-($P$6-P24) -> 100.46292 | T24: 249.97503 | U24: 9 | V24: 96.47302 | W24: =100-($V$6-V24) -> 100.63042 | X24: =($W$21-W24)/($W$21*(1-$M$1)) -> 2.474677e-05 | Z24: 249.99668 | AA24: 9 | AB24: 100.87937 | AC24: =100-($AB$6-AB24) -> 100.80263 | AF24: 150.05991 | AG24: 9 | AH24: 96.70847 | AI24: =100-($AH$6-AH24) -> 99.71616 | AJ24: =($AI$7-AI24)/($AI$7*(1-$M$1)) -> 0.0037281678 | AL24: 150.05204 | AM24: 9 | AN24: 96.69248 | AO24: =100-($AN$6-AN24) -> 99.78598 | AP24: =($AO$10-AO24)/($AO$10*(1-$M$1)) -> 0.0036098484 | AR24: 131.98257 | AS24: 9 | AT24: 99.28824 | AU24: =100-($AT$6-AT24) -> 99.94273
B25: 202.28306 | C25: 9.5 | D25: 99.62432 | E25: =100-($D$6-D25) -> 100.33762 | H25: 224.99402 | I25: 9.5 | J25: 96.24502 | K25: =100-($J$6-J25) -> 100.3526 | L25: =($K$20-K25)/($K$20*(1-$M$1)) -> 0.00051657397 | N25: 226.9856 | O25: 9.5 | P25: 100.28356 | Q25: =100-($P$6-P25) -> 100.41914 | T25: 249.97391 | U25: 9.5 | V25: 96.47501 | W25: =100-($V$6-V25) -> 100.63241 | X25: =($W$21-W25)/($W$21*(1-$M$1)) -> 8.4090965e-07 | Z25: 249.99771 | AA25: 9.5 | AB25: 100.91562 | AC25: =100-($AB$6-AB25) -> 100.83888 | AF25: 152.60746 | AG25: 9.5 | AH25: 96.67878 | AI25: =100-($AH$6-AH25) -> 99.68647 | AJ25: =($AI$7-AI25)/($AI$7*(1-$M$1)) -> 0.0040870011 | AL25: 152.61124 | AM25: 9.5 | AN25: 96.65308 | AO25: =100-($AN$6-AN25) -> 99.74658 | AP25: =($AO$10-AO25)/($AO$10*(1-$M$1)) -> 0.0040857503 | AR25: 133.45019 | AS25: 9.5 | AT25: 99.25261 | AU25: =100-($AT$6-AT25) -> 99.9071
B26: 201.99963 | C26: 10 | D26: 99.61851 | E26: =100-($D$6-D26) -> 100.33181 | H26: 224.9921 | I26: 10 | J26: 96.24082 | K26: =100-($J$6-J26) -> 100.3484 | L26: =($K$20-K26)/($K$20*(1-$M$1)) -> 0.00056714765 | N26: 226.74379 | O26: 10 | P26: 100.49606 | Q26: =100-($P$6-P26) -> 100.63164 | T26: 249.98199 | U26: 10 | V26: 96.43495 | W26: =100-($V$6-V26) -> 100.59235 | X26: =($W$21-W26)/($W$21*(1-$M$1)) -> 0.00048208149 | Z26: 249.99483 | AA26: 10 | AB26: 100.96595 | AC26: =100-($AB$6-AB26) -> 100.88921 | AF26: 155.13622 | AG26: 10 | AH26: 96.66987 | AI26: =100-($AH$6-AH26) -> 99.67756 | AJ26: =($AI$7-AI26)/($AI$7*(1-$M$1)) -> 0.0041946874 | AL26: 155.11712 | AM26: 10 | AN26: 96.65278 | AO26: =100-($AN$6-AN26) -> 99.74628 | AP26: =($AO$10-AO26)/($AO$10*(1-$M$1)) -> 0.0040893739 | AR26: 134.94415 | AS26: 10 | AT26: 99.2535 | AU26: =100-($AT$6-AT26) -> 99.90799
B27: 201.74115 | C27: 10.5 | D27: 99.68937 | E27: =100-($D$6-D27) -> 100.40267 | H27: 224.99204 | I27: 10.5 | J27: 96.24073 | K27: =100-($J$6-J27) -> 100.34831 | L27: =($K$20-K27)/($K$20*(1-$M$1)) -> 0.00056823137 | N27: 226.5186 | O27: 10.5 | P27: 100.40046 | Q27: =100-($P$6-P27) -> 100.53604 | T27: 249.97601 | U27: 10.5 | V27: 96.45291 | W27: =100-($V$6-V27) -> 100.61031 | X27: =($W$21-W27)/($W$21*(1-$M$1)) -> 0.0002663281 | Z27: 249.9927 | AA27: 10.5 | AB27: 100.90623 | AC27: =100-($AB$6-AB27) -> 100.82949 | AF27: 157.6449 | AG27: 10.5 | AH27: 96.6209 | AI27: =100-($AH$6-AH27) -> 99.62859 | AJ27: =($AI$7-AI27)/($AI$7*(1-$M$1)) -> 0.0047865387 | AL27: 157.64431 | AM27: 10.5 | AN27: 96.59153 | AO27: =100-($AN$6-AN27) -> 99.68503 | AP27: =($AO$10-AO27)/($AO$10*(1-$M$1)) -> 0.0048291959 | AR27: 136.44254 | AS27: 10.5 | AT27: 99.2335 | AU27: =100-($AT$6-AT27) -> 99.88799
B28: 201.50387 | C28: 11 | D28: 99.5504 | E28: =100-($D$6-D28) -> 100.2637 | H28: 224.99203 | I28: 11 | J28: 96.22842 | K28: =100-($J$6-J28) -> 100.336 | L28: =($K$20-K28)/($K$20*(1-$M$1)) -> 0.0007164604 | N28: 226.31841 | O28: 11 | P28: 100.31781 | Q28: =100-($P$6-P28) -> 100.45339 | T28: 249.98201 | U28: 11 | V28: 96.45305 | W28: =100-($V$6-V28) -> 100.61045 | X28: =($W$21-W28)/($W$21*(1-$M$1)) -> 0.00026464628 | Z28: 249.99523 | AA28: 11 | AB28: 100.9675 | AC28: =100-($AB$6-AB28) -> 100.89076 | AF28: 160.19764 | AG28: 11 | AH28: 96.63312 | AI28: =100-($AH$6-AH28) -> 99.64081 | AJ28: =($AI$7-AI28)/($AI$7*(1-$M$1)) -> 0.0046388478 | AL28: 160.19083 | AM28: 11 | AN28: 96.62122 | AO28: =100-($AN$6-AN28) -> 99.71472 | AP28: =($AO$10-AO28)/($AO$10*(1-$M$1)) -> 0.0044705785 | AR28: 137.93097 | AS28: 11 | AT28: 99.24083 | AU28: =100-($AT$6-AT28) -> 99.89532
B29: 201.2875 | C29: 11.5 | D29: 99.73074 | E29: =100-($D$6-D29) -> 100.44404 | H29: 224.99396 | I29: 11.5 | J29: 96.24904 | K29: =100-($J$6-J29) -> 100.35662 | L29: =($K$20-K29)/($K$20*(1-$M$1)) -> 0.00046816774 | N29: 226.13982 | O29: 11.5 | P29: 100.54063 | Q29: =100-($P$6-P29) -> 100.67621 | T29: 249.98399 | U29: 11.5 | V29: 96.43273 | W29: =100-($V$6-V29) -> 100.59013 | X29: =($W$21-W29)/($W$21*(1-$M$1)) -> 0.00050875034 | Z29: 249.99524 | AA29: 11.5 | AB29: 101.01947 | AC29: =100-($AB$6-AB29) -> 100.94273 | AF29: 162.70512 | AG29: 11.5 | AH29: 96.5915 | AI29: =100-($AH$6-AH29) -> 99.59919 | AJ29: =($AI$7-AI29)/($AI$7*(1-$M$1)) -> 0.005141867 | AL29: 162.69316 | AM29: 11.5 | AN29: 96.56872 | AO29: =100-($AN$6-AN29) -> 99.66222 | AP29: =($AO$10-AO29)/($AO$10*(1-$M$1)) -> 0.0051047117 | AR29: 139.4219 | AS29: 11.5 | AT29: 99.23793 | AU29: =100-($AT$6-AT29) -> 99.89242
B30: 201.09436 | C30: 12 | D30: 99.46951 | E30: =100-($D$6-D30) -> 100.18281 | H30: 224.99201 | I30: 12 | J30: 96.22626 | K30: =100-($J$6-J30) -> 100.33384 | L30: =($K$20-K30)/($K$20*(1-$M$1)) -> 0.00074246972 | N30: 225.98372 | O30: 12 | P30: 100.49329 | Q30: =100-($P$6-P30) -> 100.62887 | T30: 249.98898 | U30: 12 | V30: 96.4247 | W30: =100-($V$6-V30) -> 100.5821 | X30: =($W$21-W30)/($W$21*(1-$M$1)) -> 0.00060521469 | Z30: 249.99323 | AA30: 12 | AB30: 101.02344 | AC30: =100-($AB$6-AB30) -> 100.9467 | AF30: 165.20859 | AG30: 12 | AH30: 96.57954 | AI30: =100-($AH$6-AH30) -> 99.58723 | AJ30: =($AI$7-AI30)/($AI$7*(1-$M$1)) -> 0.0052864156 | AL30: 165.21582 | AM30: 12 | AN30: 96.58555 | AO30: =100-($AN$6-AN30) -> 99.67905 | AP30: =($AO$10-AO30)/($AO$10*(1-$M$1)) -> 0.0049014267 | AR30: 140.92148 | AS30: 12 | AT30: 99.22888 | AU30: =100-($AT$6-AT30) -> 99.88337
B31: 200.92884 | C31: 12.5 | D31: 99.58507 | E31: =100-($D$6-D31) -> 100.29837 | H31: 224.99487 | I31: 12.5 | J31: 96.2369 | K31: =100-($J$6-J31) -> 100.34448 | L31: =($K$20-K31)/($K$20*(1-$M$1)) -> 0.00061434974 | N31: 225.84763 | O31: 12.5 | P31: 100.36519 | Q31: =100-($P$6-P31) -> 100.50077 | T31: 249.989 | U31: 12.5 | V31: 96.43291 | W31: =100-($V$6-V31) -> 100.59031 | X31: =($W$21-W31)/($W$21*(1-$M$1)) -> 0.000506588 | Z31: 249.98999 | AA31: 12.5 | AB31: 100.97095 | AC31: =100-($AB$6-AB31) -> 100.89421 | AF31: 167.72856 | AG31: 12.5 | AH31: 96.56514 | AI31: =100-($AH$6-AH31) -> 99.57283 | AJ31: =($AI$7-AI31)/($AI$7*(1-$M$1)) -> 0.0054604539 | AL31: 167.72123 | AM31: 12.5 | AN31: 96.54708 | AO31: =100-($AN$6-AN31) -> 99.64058 | AP31: =($AO$10-AO31)/($AO$10*(1-$M$1)) -> 0.0053660954 | AR31: 142.44892 | AS31: 12.5 | AT31: 99.24446 | AU31: =100-($AT$6-AT31) -> 99.89895
B32: 200.7818 | C32: 13 | D32: 99.62598 | E32: =100-($D$6-D32) -> 100.33928 | H32: 224.99999 | I32: 13 | J32: 96.20939 | K32: =100-($J$6-J32) -> 100.31697 | L32: =($K$20-K32)/($K$20*(1-$M$1)) -> 0.00094560732 | N32: 225.72016 | O32: 13 | P32: 100.33695 | Q32: =100-($P$6-P32) -> 100.47253 | T32: 249.98996 | U32: 13 | V32: 96.42088 | W32: =100-($V$6-V32) -> 100.57828 | X32: =($W$21-W32)/($W$21*(1-$M$1)) -> 0.00065110433 | Z32: 249.99065 | AA32: 13 | AB32: 100.98749 | AC32: =100-($AB$6-AB32) -> 100.91075 | AF32: 170.23698 | AG32: 13 | AH32: 96.55095 | AI32: =100-($AH$6-AH32) -> 99.55864 | AJ32: =($AI$7-AI32)/($AI$7*(1-$M$1)) -> 0.0056319542 | AL32: 170.23277 | AM32: 13 | AN32: 96.51945 | AO32: =100-($AN$6-AN32) -> 99.61295 | AP32: =($AO$10-AO32)/($AO$10*(1-$M$1)) -> 0.0056998306 | AR32: 143.97151 | AS32: 13 | AT32: 99.22168 | AU32: =100-($AT$6-AT32) -> 99.87617
... B61: 200.01338 | C61: 27.5 | D61: 99.77466 | E61: =100-($D$6-D61) -> 100.48796 | H61: 224.99807 | I61: 27.5 | J61: 96.0321 | K61: =100-($J$6-J61) -> 100.13968 | L61: =($K$20-K61)/($K$20*(1-$M$1)) -> 0.0030804185 | N61: 225.00965 | O61: 27.5 | P61: 100.56653 | Q61: =100-($P$6-P61) -> 100.70211 | T61: 250.00103 | U61: 27.5 | V61: 96.20025 | W61: =100-($V$6-V61) -> 100.35765 | X61: =($W$21-W61)/($W$21*(1-$M$1)) -> 0.0033015314 | Z61: 250.01223 | AA61: 27.5 | AB61: 101.0377 | AC61: =100-($AB$6-AB61) -> 100.96096 | AF61: 242.83215 | AG61: 27.5 | AH61: 96.35756 | AI61: =100-($AH$6-AH61) -> 99.36525 | AJ61: =($AI$7-AI61)/($AI$7*(1-$M$1)) -> 0.0079692654 | AL61: 242.82152 | AM61: 27.5 | AN61: 96.32042 | AO61: =100-($AN$6-AN61) -> 99.41392 | AP61: =($AO$10-AO61)/($AO$10*(1-$M$1)) -> 0.0081038597 | AR61: 187.62852 | AS61: 27.5 | AT61: 99.19978 | AU61: =100-($AT$6-AT61) -> 99.85427
B62: 200.01406 | C62: 28 | D62: 99.67085 | E62: =100-($D$6-D62) -> 100.38415 | H62: 225.00003 | I62: 28 | J62: 96.02375 | K62: =100-($J$6-J62) -> 100.13133 | L62: =($K$20-K62)/($K$20*(1-$M$1)) -> 0.0031809638 | N62: 225.01394 | O62: 28 | P62: 100.52736 | Q62: =100-($P$6-P62) -> 100.66294 | T62: 249.99603 | U62: 28 | V62: 96.16413 | W62: =100-($V$6-V62) -> 100.32153 | X62: =($W$21-W62)/($W$21*(1-$M$1)) -> 0.0037354408 | Z62: 250.01283 | AA62: 28 | AB62: 101.15233 | AC62: =100-($AB$6-AB62) -> 101.07559 | AD62: =($AC$62-AC62)/($AC$62*(1-$M$1)) -> 0 | AF62: 245.32588 | AG62: 28 | AH62: 96.32527 | AI62: =100-($AH$6-AH62) -> 99.33296 | AJ62: =($AI$7-AI62)/($AI$7*(1-$M$1)) -> 0.0083595223 | AL62: 245.33077 | AM62: 28 | AN62: 96.31879 | AO62: =100-($AN$6-AN62) -> 99.41229 | AP62: =($AO$10-AO62)/($AO$10*(1-$M$1)) -> 0.008123548 | AR62: 189.12331 | AS62: 28 | AT62: 99.20283 | AU62: =100-($AT$6-AT62) -> 99.85732
B63: 200.01178 | C63: 28.5 | D63: 99.78642 | E63: =100-($D$6-D63) -> 100.49972 | H63: 225.00197 | I63: 28.5 | J63: 96.0317 | K63: =100-($J$6-J63) -> 100.13928 | L63: =($K$20-K63)/($K$20*(1-$M$1)) -> 0.003085235 | N63: 225.0168 | O63: 28.5 | P63: 100.45745 | Q63: =100-($P$6-P63) -> 100.59303 | T63: 249.99897 | U63: 28.5 | V63: 96.15383 | W63: =100-($V$6-V63) -> 100.31123 | X63: =($W$21-W63)/($W$21*(1-$M$1)) -> 0.0038591747 | Z63: 250.01189 | AA63: 28.5 | AB63: 101.03971 | AC63: =100-($AB$6-AB63) -> 100.96297 | AD63: =($AC$62-AC63)/($AC$62*(1-$M$1)) -> 0.0013469724 | AF63: 247.83596 | AG63: 28.5 | AH63: 96.31632 | AI63: =100-($AH$6-AH63) -> 99.32401 | AJ63: =($AI$7-AI63)/($AI$7*(1-$M$1)) -> 0.008467692 | AL63: 247.83471 | AM63: 28.5 | AN63: 96.29987 | AO63: =100-($AN$6-AN63) -> 99.39337 | AP63: =($AO$10-AO63)/($AO$10*(1-$M$1)) -> 0.0083520775 | AR63: 190.61859 | AS63: 28.5 | AT63: 99.19793 | AU63: =100-($AT$6-AT63) -> 99.85242
B64: 200.01229 | C64: 29 | D64: 99.6981 | E64: =100-($D$6-D64) -> 100.4114 | H64: 225.00299 | I64: 29 | J64: 96.00615 | K64: =100-($J$6-J64) -> 100.11373 | L64: =($K$20-K64)/($K$20*(1-$M$1)) -> 0.0033928916 | N64: 225.01634 | O64: 29 | P64: 100.55471 | Q64: =100-($P$6-P64) -> 100.69029 | T64: 250.00003 | U64: 29 | V64: 96.14402 | W64: =100-($V$6-V64) -> 100.30142 | X64: =($W$21-W64)/($W$21*(1-$M$1)) -> 0.0039770221 | Z64: 250.01115 | AA64: 29 | AB64: 101.05105 | AC64: =100-($AB$6-AB64) -> 100.97431 | AD64: =($AC$62-AC64)/($AC$62*(1-$M$1)) -> 0.0012113423 | AF64: 250.34327 | AG64: 29 | AH64: 96.29864 | AI64: =100-($AH$6-AH64) -> 99.30633 | AJ64: =($AI$7-AI64)/($AI$7*(1-$M$1)) -> 0.0086813724 | AL64: 250.33736 | AM64: 29 | AN64: 96.31142 | AO64: =100-($AN$6-AN64) -> 99.40492 | AP64: =($AO$10-AO64)/($AO$10*(1-$M$1)) -> 0.0082125682 | AR64: 192.12256 | AS64: 29 | AT64: 99.21492 | AU64: =100-($AT$6-AT64) -> 99.86941
B65: 200.01621 | C65: 29.5 | D65: 99.6441 | E65: =100-($D$6-D65) -> 100.3574 | H65: 225.00494 | I65: 29.5 | J65: 96.00894 | K65: =100-($J$6-J65) -> 100.11652 | L65: =($K$20-K65)/($K$20*(1-$M$1)) -> 0.0033592962 | N65: 225.01336 | O65: 29.5 | P65: 100.54144 | Q65: =100-($P$6-P65) -> 100.67702 | T65: 250.003 | U65: 29.5 | V65: 96.12789 | W65: =100-($V$6-V65) -> 100.28529 | X65: =($W$21-W65)/($W$21*(1-$M$1)) -> 0.0041707918 | Z65: 250.01251 | AA65: 29.5 | AB65: 100.90232 | AC65: =100-($AB$6-AB65) -> 100.82558 | AD65: =($AC$62-AC65)/($AC$62*(1-$M$1)) -> 0.0029902023 | AF65: 252.84884 | AG65: 29.5 | AH65: 96.30736 | AI65: =100-($AH$6-AH65) -> 99.31505 | AJ65: =($AI$7-AI65)/($AI$7*(1-$M$1)) -> 0.0085759825 | AL65: 252.84473 | AM65: 29.5 | AN65: 96.28526 | AO65: =100-($AN$6-AN65) -> 99.37876 | AP65: =($AO$10-AO65)/($AO$10*(1-$M$1)) -> 0.0085285477 | AR65: 193.62517 | AS65: 29.5 | AT65: 99.19642 | AU65: =100-($AT$6-AT65) -> 99.85091
B66: 200.01701 | C66: 30 | D66: 99.77008 | E66: =100-($D$6-D66) -> 100.48338 | H66: 225.001 | I66: 30 | J66: 95.99027 | K66: =100-($J$6-J66) -> 100.09785 | L66: =($K$20-K66)/($K$20*(1-$M$1)) -> 0.0035841082 | N66: 225.01465 | O66: 30 | P66: 100.53533 | Q66: =100-($P$6-P66) -> 100.67091 | T66: 250.00402 | U66: 30 | V66: 96.13589 | W66: =100-($V$6-V66) -> 100.29329 | X66: =($W$21-W66)/($W$21*(1-$M$1)) -> 0.0040746878 | Z66: 250.0132 | AA66: 30 | AB66: 100.99357 | AC66: =100-($AB$6-AB66) -> 100.91683 | AD66: =($AC$62-AC66)/($AC$62*(1-$M$1)) -> 0.0018988221 | AF66: 255.35228 | AG66: 30 | AH66: 96.28378 | AI66: =100-($AH$6-AH66) -> 99.29147 | AJ66: =($AI$7-AI66)/($AI$7*(1-$M$1)) -> 0.0088609703 | AL66: 255.34501 | AM66: 30 | AN66: 96.28394 | AO66: =100-($AN$6-AN66) -> 99.37744 | AP66: =($AO$10-AO66)/($AO$10*(1-$M$1)) -> 0.0085444917 | AR66: 195.12439 | AS66: 30 | AT66: 99.19199 | AU66: =100-($AT$6-AT66) -> 99.84648
B67: 200.01525 | C67: 30.5 | D67: 99.69816 | E67: =100-($D$6-D67) -> 100.41146 | H67: 225.0021 | I67: 30.5 | J67: 95.99 | K67: =100-($J$6-J67) -> 100.09758 | L67: =($K$20-K67)/($K$20*(1-$M$1)) -> 0.0035873594 | N67: 225.01607 | O67: 30.5 | P67: 100.66503 | Q67: =100-($P$6-P67) -> 100.80061 | T67: 250.00204 | U67: 30.5 | V67: 96.13605 | W67: =100-($V$6-V67) -> 100.29345 | X67: =($W$21-W67)/($W$21*(1-$M$1)) -> 0.0040727657 | Z67: 250.01248 | AA67: 30.5 | AB67: 101.03758 | AC67: =100-($AB$6-AB67) -> 100.96084 | AD67: =($AC$62-AC67)/($AC$62*(1-$M$1)) -> 0.001372448 | AF67: 257.85979 | AG67: 30.5 | AH67: 96.27605 | AI67: =100-($AH$6-AH67) -> 99.28374 | AJ67: =($AI$7-AI67)/($AI$7*(1-$M$1)) -> 0.0089543951 | AL67: 257.856 | AM67: 30.5 | AN67: 96.27918 | AO67: =100-($AN$6-AN67) -> 99.37268 | AP67: =($AO$10-AO67)/($AO$10*(1-$M$1)) -> 0.0086019864 | AR67: 196.6274 | AS67: 30.5 | AT67: 99.19595 | AU67: =100-($AT$6-AT67) -> 99.85044
B68: 200.01652 | C68: 31 | D68: 99.77932 | E68: =100-($D$6-D68) -> 100.49262 | H68: 225.00394 | I68: 31 | J68: 95.96864 | K68: =100-($J$6-J68) -> 100.07622 | L68: =($K$20-K68)/($K$20*(1-$M$1)) -> 0.0038445626 | N68: 225.01828 | O68: 31 | P68: 100.56511 | Q68: =100-($P$6-P68) -> 100.70069 | T68: 250.00099 | U68: 31 | V68: 96.10367 | W68: =100-($V$6-V68) -> 100.26107 | X68: =($W$21-W68)/($W$21*(1-$M$1)) -> 0.0044617465 | Z68: 250.0103 | AA68: 31 | AB68: 100.98832 | AC68: =100-($AB$6-AB68) -> 100.91158 | AD68: =($AC$62-AC68)/($AC$62*(1-$M$1)) -> 0.0019616138 | AF68: 260.36428 | AG68: 31 | AH68: 96.26006 | AI68: =100-($AH$6-AH68) -> 99.26775 | AJ68: =($AI$7-AI68)/($AI$7*(1-$M$1)) -> 0.0091476502 | AL68: 260.3549 | AM68: 31 | AN68: 96.2153 | AO68: =100-($AN$6-AN68) -> 99.3088 | AP68: =($AO$10-AO68)/($AO$10*(1-$M$1)) -> 0.0093735755 | AR68: 198.12847 | AS68: 31 | AT68: 99.19766 | AU68: =100-($AT$6-AT68) -> 99.85215
B69: 200.01882 | C69: 31.5 | D69: 99.69535 | E69: =100-($D$6-D69) -> 100.40865 | H69: 225.00115 | I69: 31.5 | J69: 95.97458 | K69: =100-($J$6-J69) -> 100.08216 | L69: =($K$20-K69)/($K$20*(1-$M$1)) -> 0.003773037 | N69: 225.02062 | O69: 31.5 | P69: 100.57778 | Q69: =100-($P$6-P69) -> 100.71336 | T69: 250.005 | U69: 31.5 | V69: 96.12186 | W69: =100-($V$6-V69) -> 100.27926 | X69: =($W$21-W69)/($W$21*(1-$M$1)) -> 0.0042432301 | Z69: 250.01041 | AA69: 31.5 | AB69: 100.95826 | AC69: =100-($AB$6-AB69) -> 100.88152 | AD69: =($AC$62-AC69)/($AC$62*(1-$M$1)) -> 0.0023211414 | AF69: 262.88161 | AG69: 31.5 | AH69: 96.26345 | AI69: =100-($AH$6-AH69) -> 99.27114 | AJ69: =($AI$7-AI69)/($AI$7*(1-$M$1)) -> 0.0091066787 | AL69: 262.86166 | AM69: 31.5 | AN69: 96.22705 | AO69: =100-($AN$6-AN69) -> 99.32055 | AP69: =($AO$10-AO69)/($AO$10*(1-$M$1)) -> 0.0092316505 | AR69: 199.63144 | AS69: 31.5 | AT69: 99.19797 | AU69: =100-($AT$6-AT69) -> 99.85246
B70: 200.02331 | C70: 32 | D70: 99.70046 | E70: =100-($D$6-D70) -> 100.41376 | H70: 225.00606 | I70: 32 | J70: 95.96689 | K70: =100-($J$6-J70) -> 100.07447 | L70: =($K$20-K70)/($K$20*(1-$M$1)) -> 0.003865635 | N70: 225.02147 | O70: 32 | P70: 100.5682 | Q70: =100-($P$6-P70) -> 100.70378 | T70: 249.99799 | U70: 32 | V70: 96.09366 | W70: =100-($V$6-V70) -> 100.25106 | X70: =($W$21-W70)/($W$21*(1-$M$1)) -> 0.0045819966 | Z70: 250.01362 | AA70: 32 | AB70: 101.02808 | AC70: =100-($AB$6-AB70) -> 100.95134 | AD70: =($AC$62-AC70)/($AC$62*(1-$M$1)) -> 0.0014860711 | AF70: 265.3812 | AG70: 32 | AH70: 96.24517 | AI70: =100-($AH$6-AH70) -> 99.25286 | AJ70: =($AI$7-AI70)/($AI$7*(1-$M$1)) -> 0.0093276107 | AL70: 265.37488 | AM70: 32 | AN70: 96.23459 | AO70: =100-($AN$6-AN70) -> 99.32809 | AP70: =($AO$10-AO70)/($AO$10*(1-$M$1)) -> 0.0091405769 | AR70: 201.12601 | AS70: 32 | AT70: 99.18371 | AU70: =100-($AT$6-AT70) -> 99.8382
B71: 200.02531 | C71: 32.5 | D71: 99.75652 | E71: =100-($D$6-D71) -> 100.46982 | H71: 224.99997 | I71: 32.5 | J71: 95.94119 | K71: =100-($J$6-J71) -> 100.04877 | L71: =($K$20-K71)/($K$20*(1-$M$1)) -> 0.0041750977 | N71: 225.02091 | O71: 32.5 | P71: 100.61987 | Q71: =100-($P$6-P71) -> 100.75545 | T71: 250.00598 | U71: 32.5 | V71: 96.07575 | W71: =100-($V$6-V71) -> 100.23315 | X71: =($W$21-W71)/($W$21*(1-$M$1)) -> 0.0047971493 | Z71: 250.01544 | AA71: 32.5 | AB71: 101.03204 | AC71: =100-($AB$6-AB71) -> 100.9553 | AD71: =($AC$62-AC71)/($AC$62*(1-$M$1)) -> 0.0014387082 | AF71: 267.88176 | AG71: 32.5 | AH71: 96.21931 | AI71: =100-($AH$6-AH71) -> 99.227 | AJ71: =($AI$7-AI71)/($AI$7*(1-$M$1)) -> 0.0096401546 | AL71: 267.87928 | AM71: 32.5 | AN71: 96.17767 | AO71: =100-($AN$6-AN71) -> 99.27117 | AP71: =($AO$10-AO71)/($AO$10*(1-$M$1)) -> 0.009828098 | AR71: 202.63333 | AS71: 32.5 | AT71: 99.20372 | AU71: =100-($AT$6-AT71) -> 99.85821
B72: 200.02442 | C72: 33 | D72: 99.77388 | E72: =100-($D$6-D72) -> 100.48718 | H72: 224.99991 | I72: 33 | J72: 95.94715 | K72: =100-($J$6-J72) -> 100.05473 | L72: =($K$20-K72)/($K$20*(1-$M$1)) -> 0.0041033313 | N72: 225.01765 | O72: 33 | P72: 100.60765 | Q72: =100-($P$6-P72) -> 100.74323 | T72: 250.00399 | U72: 33 | V72: 96.0796 | W72: =100-($V$6-V72) -> 100.237 | X72: =($W$21-W72)/($W$21*(1-$M$1)) -> 0.0047508993 | Z72: 250.01369 | AA72: 33 | AB72: 100.92909 | AC72: =100-($AB$6-AB72) -> 100.85235 | AD72: =($AC$62-AC72)/($AC$62*(1-$M$1)) -> 0.0026700242 | AF72: 270.37916 | AG72: 33 | AH72: 96.22676 | AI72: =100-($AH$6-AH72) -> 99.23445 | AJ72: =($AI$7-AI72)/($AI$7*(1-$M$1)) -> 0.009550114 | AL72: 270.38755 | AM72: 33 | AN72: 96.19063 | AO72: =100-($AN$6-AN72) -> 99.28413 | AP72: =($AO$10-AO72)/($AO$10*(1-$M$1)) -> 0.0096715577 | AR72: 204.1335 | AS72: 33 | AT72: 99.19693 | AU72: =100-($AT$6-AT72) -> 99.85142
B73: 200.02081 | C73: 33.5 | D73: 99.79595 | E73: =100-($D$6-D73) -> 100.50925 | H73: 225.00198 | I73: 33.5 | J73: 95.93706 | K73: =100-($J$6-J73) -> 100.04464 | L73: =($K$20-K73)/($K$20*(1-$M$1)) -> 0.0042248285 | N73: 225.0151 | O73: 33.5 | P73: 100.7008 | Q73: =100-($P$6-P73) -> 100.83638 | T73: 249.99899 | U73: 33.5 | V73: 96.06182 | W73: =100-($V$6-V73) -> 100.21922 | X73: =($W$21-W73)/($W$21*(1-$M$1)) -> 0.0049644903 | Z73: 250.01272 | AA73: 33.5 | AB73: 101.00001 | AC73: =100-($AB$6-AB73) -> 100.92327 | AD73: =($AC$62-AC73)/($AC$62*(1-$M$1)) -> 0.0018217976 | AF73: 272.89194 | AG73: 33.5 | AH73: 96.15772 | AI73: =100-($AH$6-AH73) -> 99.16541 | AJ73: =($AI$7-AI73)/($AI$7*(1-$M$1)) -> 0.010384531 | AL73: 272.89516 | AM73: 33.5 | AN73: 96.13279 | AO73: =100-($AN$6-AN73) -> 99.22629 | AP73: =($AO$10-AO73)/($AO$10*(1-$M$1)) -> 0.010370191 | AR73: 205.64144 | AS73: 33.5 | AT73: 99.21156 | AU73: =100-($AT$6-AT73) -> 99.86605
... B217: 200.02219 | C217: 105.5 | D217: 99.89723 | E217: =100-($D$6-D217) -> 100.61053 | H217: 225.00506 | I217: 105.5 | J217: 94.87681 | K217: =100-($J$6-J217) -> 98.98439 | L217: =($K$20-K217)/($K$20*(1-$M$1)) -> 0.016991671 | N217: 225.02231 | O217: 105.5 | P217: 100.80548 | Q217: =100-($P$6-P217) -> 100.94106 | T217: 250.00301 | U217: 105.5 | V217: 94.0634 | W217: =100-($V$6-V217) -> 98.2208 | X217: =($W$21-W217)/($W$21*(1-$M$1)) -> 0.0289715 | Z217: 250.02012 | AA217: 105.5 | AB217: 100.38383 | AC217: =100-($AB$6-AB217) -> 100.30709 | AD217: =($AC$62-AC217)/($AC$62*(1-$M$1)) -> 0.0091915142 | AF217: 633.10927 | AG217: 105.5 | AH217: 10.06309 | AI217: =100-($AH$6-AH217) -> 13.07078 | AJ217: =($AI$7-AI217)/($AI$7*(1-$M$1)) -> 1.0509241 | AL217: 633.11036 | AM217: 105.5 | AN217: 10.67231 | AO217: =100-($AN$6-AN217) -> 13.76581 | AP217: =($AO$10-AO217)/($AO$10*(1-$M$1)) -> 1.042624 | AR217: 421.84832 | AS217: 105.5 | AT217: 63.37427 | AU217: =100-($AT$6-AT217) -> 64.02876
B218: 200.0218 | C218: 106 | D218: 99.88118 | E218: =100-($D$6-D218) -> 100.59448 | H218: 225.00789 | I218: 106 | J218: 94.86042 | K218: =100-($J$6-J218) -> 98.968 | L218: =($K$20-K218)/($K$20*(1-$M$1)) -> 0.017189029 | N218: 225.0199 | O218: 106 | P218: 100.87651 | Q218: =100-($P$6-P218) -> 101.01209 | R218: =($Q$218-Q218)/($Q$218*(1-$M$1)) -> 0 | T218: 250.00599 | U218: 106 | V218: 94.05339 | W218: =100-($V$6-V218) -> 98.21079 | X218: =($W$21-W218)/($W$21*(1-$M$1)) -> 0.02909175 | Z218: 250.02129 | AA218: 106 | AB218: 100.33516 | AC218: =100-($AB$6-AB218) -> 100.25842 | AD218: =($AC$62-AC218)/($AC$62*(1-$M$1)) -> 0.0097736235 | AF218: 635.59834 | AG218: 106 | AH218: 10.02534 | AI218: =100-($AH$6-AH218) -> 13.03303 | AJ218: =($AI$7-AI218)/($AI$7*(1-$M$1)) -> 1.0513803 | AL218: 635.58794 | AM218: 106 | AN218: 10.65499 | AO218: =100-($AN$6-AN218) -> 13.74849 | AP218: =($AO$10-AO218)/($AO$10*(1-$M$1)) -> 1.0428332 | AR218: 423.29976 | AS218: 106 | AT218: 62.88428 | AU218: =100-($AT$6-AT218) -> 63.53877
B219: 200.02025 | C219: 106.5 | D219: 99.93479 | E219: =100-($D$6-D219) -> 100.64809 | H219: 225.00798 | I219: 106.5 | J219: 94.86297 | K219: =100-($J$6-J219) -> 98.97055 | L219: =($K$20-K219)/($K$20*(1-$M$1)) -> 0.017158324 | N219: 225.01866 | O219: 106.5 | P219: 100.64504 | Q219: =100-($P$6-P219) -> 100.78062 | R219: =($Q$218-Q219)/($Q$218*(1-$M$1)) -> 0.0027701981 | T219: 250.00802 | U219: 106.5 | V219: 94.06722 | W219: =100-($V$6-V219) -> 98.22462 | X219: =($W$21-W219)/($W$21*(1-$M$1)) -> 0.02892561 | Z219: 250.02308 | AA219: 106.5 | AB219: 100.33532 | AC219: =100-($AB$6-AB219) -> 100.25858 | AD219: =($AC$62-AC219)/($AC$62*(1-$M$1)) -> 0.0097717098 | AF219: 638.09108 | AG219: 106.5 | AH219: 9.9979 | AI219: =100-($AH$6-AH219) -> 13.00559 | AJ219: =($AI$7-AI219)/($AI$7*(1-$M$1)) -> 1.0517119 | AL219: 638.09379 | AM219: 106.5 | AN219: 10.62057 | AO219: =100-($AN$6-AN219) -> 13.71407 | AP219: =($AO$10-AO219)/($AO$10*(1-$M$1)) -> 1.043249 | AR219: 424.73736 | AS219: 106.5 | AT219: 62.40864 | AU219: =100-($AT$6-AT219) -> 63.06313
B220: 200.02144 | C220: 107 | D220: 100.00721 | E220: =100-($D$6-D220) -> 100.72051 | H220: 225.00402 | I220: 107 | J220: 94.84737 | K220: =100-($J$6-J220) -> 98.95495 | L220: =($K$20-K220)/($K$20*(1-$M$1)) -> 0.017346169 | N220: 225.01852 | O220: 107 | P220: 100.72874 | Q220: =100-($P$6-P220) -> 100.86432 | R220: =($Q$218-Q220)/($Q$218*(1-$M$1)) -> 0.0017684891 | T220: 250.00494 | U220: 107 | V220: 94.04124 | W220: =100-($V$6-V220) -> 98.19864 | X220: =($W$21-W220)/($W$21*(1-$M$1)) -> 0.029237708 | Z220: 250.01904 | AA220: 107 | AB220: 100.35803 | AC220: =100-($AB$6-AB220) -> 100.28129 | AD220: =($AC$62-AC220)/($AC$62*(1-$M$1)) -> 0.0095000907 | AF220: 640.59401 | AG220: 107 | AH220: 10.00086 | AI220: =100-($AH$6-AH220) -> 13.00855 | AJ220: =($AI$7-AI220)/($AI$7*(1-$M$1)) -> 1.0516762 | AL220: 640.60253 | AM220: 107 | AN220: 10.64258 | AO220: =100-($AN$6-AN220) -> 13.73608 | AP220: =($AO$10-AO220)/($AO$10*(1-$M$1)) -> 1.0429831 | AR220: 426.16729 | AS220: 107 | AT220: 61.94109 | AU220: =100-($AT$6-AT220) -> 62.59558
B221: 200.02002 | C221: 107.5 | D221: 99.92666 | E221: =100-($D$6-D221) -> 100.63996 | H221: 225.00591 | I221: 107.5 | J221: 94.85809 | K221: =100-($J$6-J221) -> 98.96567 | L221: =($K$20-K221)/($K$20*(1-$M$1)) -> 0.017217085 | N221: 225.01467 | O221: 107.5 | P221: 100.69535 | Q221: =100-($P$6-P221) -> 100.83093 | R221: =($Q$218-Q221)/($Q$218*(1-$M$1)) -> 0.0021680956 | T221: 250.00102 | U221: 107.5 | V221: 94.01323 | W221: =100-($V$6-V221) -> 98.17063 | X221: =($W$21-W221)/($W$21*(1-$M$1)) -> 0.029574192 | Z221: 250.01654 | AA221: 107.5 | AB221: 100.24123 | AC221: =100-($AB$6-AB221) -> 100.16449 | AD221: =($AC$62-AC221)/($AC$62*(1-$M$1)) -> 0.010897057 | AF221: 643.10399 | AG221: 107.5 | AH221: 9.92962 | AI221: =100-($AH$6-AH221) -> 12.93731 | AJ221: =($AI$7-AI221)/($AI$7*(1-$M$1)) -> 1.0525372 | AL221: 643.09965 | AM221: 107.5 | AN221: 10.56693 | AO221: =100-($AN$6-AN221) -> 13.66043 | AP221: =($AO$10-AO221)/($AO$10*(1-$M$1)) -> 1.0438969 | AR221: 427.52218 | AS221: 107.5 | AT221: 61.47903 | AU221: =100-($AT$6-AT221) -> 62.13352
B222: 200.02165 | C222: 108 | D222: 100.01646 | E222: =100-($D$6-D222) -> 100.72976 | H222: 225.00707 | I222: 108 | J222: 94.84709 | K222: =100-($J$6-J222) -> 98.95467 | L222: =($K$20-K222)/($K$20*(1-$M$1)) -> 0.01734954 | N222: 225.01648 | O222: 108 | P222: 100.58591 | Q222: =100-($P$6-P222) -> 100.72149 | R222: =($Q$218-Q222)/($Q$218*(1-$M$1)) -> 0.003477857 | T222: 249.99903 | U222: 108 | V222: 94.01507 | W222: =100-($V$6-V222) -> 98.17247 | X222: =($W$21-W222)/($W$21*(1-$M$1)) -> 0.029552088 | Z222: 250.01948 | AA222: 108 | AB222: 100.22165 | AC222: =100-($AB$6-AB222) -> 100.14491 | AD222: =($AC$62-AC222)/($AC$62*(1-$M$1)) -> 0.011131241 | AF222: 645.57922 | AG222: 108 | AH222: 9.97498 | AI222: =100-($AH$6-AH222) -> 12.98267 | AJ222: =($AI$7-AI222)/($AI$7*(1-$M$1)) -> 1.051989 | AL222: 645.60836 | AM222: 108 | AN222: 10.58443 | AO222: =100-($AN$6-AN222) -> 13.67793 | AP222: =($AO$10-AO222)/($AO$10*(1-$M$1)) -> 1.0436855 | AR222: 428.89945 | AS222: 108 | AT222: 61.1564 | AU222: =100-($AT$6-AT222) -> 61.81089
B223: 200.01826 | C223: 108.5 | D223: 100.08278 | E223: =100-($D$6-D223) -> 100.79608 | H223: 225.01205 | I223: 108.5 | J223: 94.84837 | K223: =100-($J$6-J223) -> 98.95595 | L223: =($K$20-K223)/($K$20*(1-$M$1)) -> 0.017334127 | N223: 225.01657 | O223: 108.5 | P223: 100.77172 | Q223: =100-($P$6-P223) -> 100.9073 | R223: =($Q$218-Q223)/($Q$218*(1-$M$1)) -> 0.0012541109 | T223: 250.00398 | U223: 108.5 | V223: 93.99101 | W223: =100-($V$6-V223) -> 98.14841 | X223: =($W$21-W223)/($W$21*(1-$M$1)) -> 0.029841121 | Z223: 250.02342 | AA223: 108.5 | AB223: 100.31271 | AC223: =100-($AB$6-AB223) -> 100.23597 | AD223: =($AC$62-AC223)/($AC$62*(1-$M$1)) -> 0.010042133 | AF223: 648.09117 | AG223: 108.5 | AH223: 9.91238 | AI223: =100-($AH$6-AH223) -> 12.92007 | AJ223: =($AI$7-AI223)/($AI$7*(1-$M$1)) -> 1.0527455 | AL223: 648.08488 | AM223: 108.5 | AN223: 10.55898 | AO223: =100-($AN$6-AN223) -> 13.65248 | AP223: =($AO$10-AO223)/($AO$10*(1-$M$1)) -> 1.0439929 | AR223: 430.32235 | AS223: 108.5 | AT223: 60.82616 | AU223: =100-($AT$6-AT223) -> 61.48065
B224: 200.01469 | C224: 109 | D224: 99.97031 | E224: =100-($D$6-D224) -> 100.68361 | H224: 225.00588 | I224: 109 | J224: 94.84559 | K224: =100-($J$6-J224) -> 98.95317 | L224: =($K$20-K224)/($K$20*(1-$M$1)) -> 0.017367602 | N224: 225.01882 | O224: 109 | P224: 100.63587 | Q224: =100-($P$6-P224) -> 100.77145 | R224: =($Q$218-Q224)/($Q$218*(1-$M$1)) -> 0.0028799433 | T224: 250.00399 | U224: 109 | V224: 93.98736 | W224: =100-($V$6-V224) -> 98.14476 | X224: =($W$21-W224)/($W$21*(1-$M$1)) -> 0.029884968 | Z224: 250.02341 | AA224: 109 | AB224: 100.22124 | AC224: =100-($AB$6-AB224) -> 100.1445 | AD224: =($AC$62-AC224)/($AC$62*(1-$M$1)) -> 0.011136144 | AF224: 650.60309 | AG224: 109 | AH224: 9.92425 | AI224: =100-($AH$6-AH224) -> 12.93194 | AJ224: =($AI$7-AI224)/($AI$7*(1-$M$1)) -> 1.0526021 | AL224: 650.59975 | AM224: 109 | AN224: 10.54882 | AO224: =100-($AN$6-AN224) -> 13.64232 | AP224: =($AO$10-AO224)/($AO$10*(1-$M$1)) -> 1.0441156 | AR224: 431.78133 | AS224: 109 | AT224: 60.55448 | AU224: =100-($AT$6-AT224) -> 61.20897
B225: 200.01513 | C225: 109.5 | D225: 99.91189 | E225: =100-($D$6-D225) -> 100.62519 | H225: 225.00398 | I225: 109.5 | J225: 94.81762 | K225: =100-($J$6-J225) -> 98.9252 | L225: =($K$20-K225)/($K$20*(1-$M$1)) -> 0.017704399 | N225: 225.01817 | O225: 109.5 | P225: 100.68173 | Q225: =100-($P$6-P225) -> 100.81731 | R225: =($Q$218-Q225)/($Q$218*(1-$M$1)) -> 0.0023310977 | T225: 250.00303 | U225: 109.5 | V225: 93.98109 | W225: =100-($V$6-V225) -> 98.13849 | X225: =($W$21-W225)/($W$21*(1-$M$1)) -> 0.02996029 | Z225: 250.02068 | AA225: 109.5 | AB225: 100.27073 | AC225: =100-($AB$6-AB225) -> 100.19399 | AD225: =($AC$62-AC225)/($AC$62*(1-$M$1)) -> 0.010544228 | AF225: 653.11512 | AG225: 109.5 | AH225: 9.89739 | AI225: =100-($AH$6-AH225) -> 12.90508 | AJ225: =($AI$7-AI225)/($AI$7*(1-$M$1)) -> 1.0529267 | AL225: 653.10412 | AM225: 109.5 | AN225: 10.50589 | AO225: =100-($AN$6-AN225) -> 13.59939 | AP225: =($AO$10-AO225)/($AO$10*(1-$M$1)) -> 1.0446342 | AR225: 433.26446 | AS225: 109.5 | AT225: 60.32163 | AU225: =100-($AT$6-AT225) -> 60.97612
B226: 200.01217 | C226: 110 | D226: 99.86389 | E226: =100-($D$6-D226) -> 100.57719 | H226: 225.00698 | I226: 110 | J226: 94.84141 | K226: =100-($J$6-J226) -> 98.94899 | L226: =($K$20-K226)/($K$20*(1-$M$1)) -> 0.017417935 | N226: 225.01315 | O226: 110 | P226: 100.71635 | Q226: =100-($P$6-P226) -> 100.85193 | R226: =($Q$218-Q226)/($Q$218*(1-$M$1)) -> 0.0019167708 | T226: 250.00303 | U226: 110 | V226: 93.96521 | W226: =100-($V$6-V226) -> 98.12261 | X226: =($W$21-W226)/($W$21*(1-$M$1)) -> 0.030151056 | Z226: 250.01731 | AA226: 110 | AB226: 100.27313 | AC226: =100-($AB$6-AB226) -> 100.19639 | AD226: =($AC$62-AC226)/($AC$62*(1-$M$1)) -> 0.010515523 | AF226: 655.61222 | AG226: 110 | AH226: 9.84455 | AI226: =100-($AH$6-AH226) -> 12.85224 | AJ226: =($AI$7-AI226)/($AI$7*(1-$M$1)) -> 1.0535653 | AL226: 655.60642 | AM226: 110 | AN226: 10.45627 | AO226: =100-($AN$6-AN226) -> 13.54977 | AP226: =($AO$10-AO226)/($AO$10*(1-$M$1)) -> 1.0452335 | AR226: 434.78061 | AS226: 110 | AT226: 60.22911 | AU226: =100-($AT$6-AT226) -> 60.8836
B227: 200.01428 | C227: 110.5 | D227: 99.97501 | E227: =100-($D$6-D227) -> 100.68831 | H227: 225.00798 | I227: 110.5 | J227: 94.82634 | K227: =100-($J$6-J227) -> 98.93392 | L227: =($K$20-K227)/($K$20*(1-$M$1)) -> 0.017599398 | N227: 225.01387 | O227: 110.5 | P227: 100.7255 | Q227: =100-($P$6-P227) -> 100.86108 | R227: =($Q$218-Q227)/($Q$218*(1-$M$1)) -> 0.0018072649 | T227: 250.004 | U227: 110.5 | V227: 93.9572 | W227: =100-($V$6-V227) -> 98.1146 | X227: =($W$21-W227)/($W$21*(1-$M$1)) -> 0.03024728 | Z227: 250.01652 | AA227: 110.5 | AB227: 100.28045 | AC227: =100-($AB$6-AB227) -> 100.20371 | AD227: =($AC$62-AC227)/($AC$62*(1-$M$1)) -> 0.010427973 | AF227: 658.15513 | AG227: 110.5 | AH227: 9.8442 | AI227: =100-($AH$6-AH227) -> 12.85189 | AJ227: =($AI$7-AI227)/($AI$7*(1-$M$1)) -> 1.0535696 | AL227: 658.14264 | AM227: 110.5 | AN227: 10.45368 | AO227: =100-($AN$6-AN227) -> 13.54718 | AP227: =($AO$10-AO227)/($AO$10*(1-$M$1)) -> 1.0452648 | AR227: 436.30448 | AS227: 110.5 | AT227: 60.06484 | AU227: =100-($AT$6-AT227) -> 60.71933
B228: 200.01564 | C228: 111 | D228: 99.98293 | E228: =100-($D$6-D228) -> 100.69623 | H228: 225.00397 | I228: 111 | J228: 94.80766 | K228: =100-($J$6-J228) -> 98.91524 | L228: =($K$20-K228)/($K$20*(1-$M$1)) -> 0.017824331 | N228: 225.01799 | O228: 111 | P228: 100.72528 | Q228: =100-($P$6-P228) -> 100.86086 | R228: =($Q$218-Q228)/($Q$218*(1-$M$1)) -> 0.0018098979 | T228: 250.00999 | U228: 111 | V228: 93.949 | W228: =100-($V$6-V228) -> 98.1064 | X228: =($W$21-W228)/($W$21*(1-$M$1)) -> 0.030345787 | Z228: 250.0174 | AA228: 111 | AB228: 100.28406 | AC228: =100-($AB$6-AB228) -> 100.20732 | AD228: =($AC$62-AC228)/($AC$62*(1-$M$1)) -> 0.010384796 | AF228: 660.64873 | AG228: 111 | AH228: 9.81396 | AI228: =100-($AH$6-AH228) -> 12.82165 | AJ228: =($AI$7-AI228)/($AI$7*(1-$M$1)) -> 1.053935 | AL228: 660.63365 | AM228: 111 | AN228: 10.42393 | AO228: =100-($AN$6-AN228) -> 13.51743 | AP228: =($AO$10-AO228)/($AO$10*(1-$M$1)) -> 1.0456241 | AR228: 437.85281 | AS228: 111 | AT228: 59.9939 | AU228: =100-($AT$6-AT228) -> 60.64839
B229: 200.01215 | C229: 111.5 | D229: 100.01819 | E229: =100-($D$6-D229) -> 100.73149 | H229: 225.00385 | I229: 111.5 | J229: 94.8262 | K229: =100-($J$6-J229) -> 98.93378 | L229: =($K$20-K229)/($K$20*(1-$M$1)) -> 0.017601084 | N229: 225.02154 | O229: 111.5 | P229: 100.73965 | Q229: =100-($P$6-P229) -> 100.87523 | R229: =($Q$218-Q229)/($Q$218*(1-$M$1)) -> 0.0016379199 | T229: 250.011 | U229: 111.5 | V229: 93.92911 | W229: =100-($V$6-V229) -> 98.08651 | X229: =($W$21-W229)/($W$21*(1-$M$1)) -> 0.030584725 | Z229: 250.01944 | AA229: 111.5 | AB229: 100.23613 | AC229: =100-($AB$6-AB229) -> 100.15939 | AD229: =($AC$62-AC229)/($AC$62*(1-$M$1)) -> 0.010958055 | AF229: 663.14164 | AG229: 111.5 | AH229: 9.79119 | AI229: =100-($AH$6-AH229) -> 12.79888 | AJ229: =($AI$7-AI229)/($AI$7*(1-$M$1)) -> 1.0542102 | AL229: 663.1363 | AM229: 111.5 | AN229: 10.39826 | AO229: =100-($AN$6-AN229) -> 13.49176 | AP229: =($AO$10-AO229)/($AO$10*(1-$M$1)) -> 1.0459342 | AR229: 439.40877 | AS229: 111.5 | AT229: 59.87524 | AU229: =100-($AT$6-AT229) -> 60.52973
... B283: 200.02094 | C283: 138.5 | D283: 100.11694 | E283: =100-($D$6-D283) -> 100.83024 | H283: 225.00708 | I283: 138.5 | J283: 94.52098 | K283: =100-($J$6-J283) -> 98.62856 | L283: =($K$20-K283)/($K$20*(1-$M$1)) -> 0.021276345 | N283: 225.02013 | O283: 138.5 | P283: 100.67913 | Q283: =100-($P$6-P283) -> 100.81471 | R283: =($Q$218-Q283)/($Q$218*(1-$M$1)) -> 0.0023622141 | T283: 250.002 | U283: 138.5 | V283: 93.14857 | W283: =100-($V$6-V283) -> 97.30597 | X283: =($W$21-W283)/($W$21*(1-$M$1)) -> 0.039961348 | Z283: 250.01882 | AA283: 138.5 | AB283: 99.87627 | AC283: =100-($AB$6-AB283) -> 99.79953 | AD283: =($AC$62-AC283)/($AC$62*(1-$M$1)) -> 0.0152621 | AF283: 798.22185 | AG283: 138.5 | AH283: 7.46045 | AI283: =100-($AH$6-AH283) -> 10.46814 | AJ283: =($AI$7-AI283)/($AI$7*(1-$M$1)) -> 1.0823796 | AL283: 798.22778 | AM283: 138.5 | AN283: 8.00706 | AO283: =100-($AN$6-AN283) -> 11.10056 | AP283: =($AO$10-AO283)/($AO$10*(1-$M$1)) -> 1.0748168 | AR283: 520.81448 | AS283: 138.5 | AT283: 59.396 | AU283: =100-($AT$6-AT283) -> 60.05049
B284: 200.0256 | C284: 139 | D284: 99.95726 | E284: =100-($D$6-D284) -> 100.67056 | H284: 225.007 | I284: 139 | J284: 94.50596 | K284: =100-($J$6-J284) -> 98.61354 | L284: =($K$20-K284)/($K$20*(1-$M$1)) -> 0.021457206 | N284: 225.01478 | O284: 139 | P284: 100.65007 | Q284: =100-($P$6-P284) -> 100.78565 | R284: =($Q$218-Q284)/($Q$218*(1-$M$1)) -> 0.0027099998 | T284: 250.00401 | U284: 139 | V284: 93.14662 | W284: =100-($V$6-V284) -> 97.30402 | X284: =($W$21-W284)/($W$21*(1-$M$1)) -> 0.039984774 | Z284: 250.01775 | AA284: 139 | AB284: 99.9776 | AC284: =100-($AB$6-AB284) -> 99.90086 | AD284: =($AC$62-AC284)/($AC$62*(1-$M$1)) -> 0.014050159 | AR284: 522.31654 | AS284: 139 | AT284: 59.39628 | AU284: =100-($AT$6-AT284) -> 60.05077
B285: 200.03069 | C285: 139.5 | D285: 99.92824 | E285: =100-($D$6-D285) -> 100.64154 | H285: 225.01106 | I285: 139.5 | J285: 94.49103 | K285: =100-($J$6-J285) -> 98.59861 | L285: =($K$20-K285)/($K$20*(1-$M$1)) -> 0.021636984 | N285: 225.01366 | O285: 139.5 | P285: 100.6285 | Q285: =100-($P$6-P285) -> 100.76408 | R285: =($Q$218-Q285)/($Q$218*(1-$M$1)) -> 0.0029681463 | T285: 250.01002 | U285: 139.5 | V285: 93.1346 | W285: =100-($V$6-V285) -> 97.292 | X285: =($W$21-W285)/($W$21*(1-$M$1)) -> 0.04012917 | Z285: 250.01788 | AA285: 139.5 | AB285: 99.92532 | AC285: =100-($AB$6-AB285) -> 99.84858 | AD285: =($AC$62-AC285)/($AC$62*(1-$M$1)) -> 0.014675445 | AR285: 523.81755 | AS285: 139.5 | AT285: 59.35098 | AU285: =100-($AT$6-AT285) -> 60.00547
B286: 200.02915 | C286: 140 | D286: 100.11054 | E286: =100-($D$6-D286) -> 100.82384 | H286: 225.00793 | I286: 140 | J286: 94.49142 | K286: =100-($J$6-J286) -> 98.599 | L286: =($K$20-K286)/($K$20*(1-$M$1)) -> 0.021632288 | N286: 225.01621 | O286: 140 | P286: 100.78914 | Q286: =100-($P$6-P286) -> 100.92472 | R286: =($Q$218-Q286)/($Q$218*(1-$M$1)) -> 0.001045631 | T286: 249.99798 | U286: 140 | V286: 93.10644 | W286: =100-($V$6-V286) -> 97.26384 | X286: =($W$21-W286)/($W$21*(1-$M$1)) -> 0.040467456 | Z286: 250.01936 | AA286: 140 | AB286: 99.93119 | AC286: =100-($AB$6-AB286) -> 99.85445 | AD286: =($AC$62-AC286)/($AC$62*(1-$M$1)) -> 0.014605238 | AR286: 525.32162 | AS286: 140 | AT286: 59.35762 | AU286: =100-($AT$6-AT286) -> 60.01211
B287: 200.02768 | C287: 140.5 | D287: 99.84624 | E287: =100-($D$6-D287) -> 100.55954 | H287: 225.00697 | I287: 140.5 | J287: 94.48839 | K287: =100-($J$6-J287) -> 98.59597 | L287: =($K$20-K287)/($K$20*(1-$M$1)) -> 0.021668773 | N287: 225.01395 | O287: 140.5 | P287: 100.6357 | Q287: =100-($P$6-P287) -> 100.77128 | R287: =($Q$218-Q287)/($Q$218*(1-$M$1)) -> 0.0028819778 | T287: 249.99903 | U287: 140.5 | V287: 93.08054 | W287: =100-($V$6-V287) -> 97.23794 | X287: =($W$21-W287)/($W$21*(1-$M$1)) -> 0.040778592 | Z287: 250.02125 | AA287: 140.5 | AB287: 99.83367 | AC287: =100-($AB$6-AB287) -> 99.75693 | AD287: =($AC$62-AC287)/($AC$62*(1-$M$1)) -> 0.01577161 | AR287: 526.81969 | AS287: 140.5 | AT287: 59.37186 | AU287: =100-($AT$6-AT287) -> 60.02635
B288: 200.02963 | C288: 141 | D288: 100.00863 | E288: =100-($D$6-D288) -> 100.72193 | H288: 225.00809 | I288: 141 | J288: 94.45449 | K288: =100-($J$6-J288) -> 98.56207 | L288: =($K$20-K288)/($K$20*(1-$M$1)) -> 0.022076975 | N288: 225.00882 | O288: 141 | P288: 100.70572 | Q288: =100-($P$6-P288) -> 100.8413 | R288: =($Q$218-Q288)/($Q$218*(1-$M$1)) -> 0.002043989 | T288: 250.00303 | U288: 141 | V288: 93.08666 | W288: =100-($V$6-V288) -> 97.24406 | X288: =($W$21-W288)/($W$21*(1-$M$1)) -> 0.040705073 | Z288: 250.01781 | AA288: 141 | AB288: 99.90238 | AC288: =100-($AB$6-AB288) -> 99.82564 | AD288: =($AC$62-AC288)/($AC$62*(1-$M$1)) -> 0.014949815 | AR288: 528.31848 | AS288: 141 | AT288: 59.35854 | AU288: =100-($AT$6-AT288) -> 60.01303
B289: 200.02781 | C289: 141.5 | D289: 99.97647 | E289: =100-($D$6-D289) -> 100.68977 | H289: 225.00513 | I289: 141.5 | J289: 94.49713 | K289: =100-($J$6-J289) -> 98.60471 | L289: =($K$20-K289)/($K$20*(1-$M$1)) -> 0.021563532 | N289: 225.00587 | O289: 141.5 | P289: 100.68675 | Q289: =100-($P$6-P289) -> 100.82233 | R289: =($Q$218-Q289)/($Q$218*(1-$M$1)) -> 0.0022710191 | T289: 250.00496 | U289: 141.5 | V289: 93.07432 | W289: =100-($V$6-V289) -> 97.23172 | X289: =($W$21-W289)/($W$21*(1-$M$1)) -> 0.040853313 | Z289: 250.02071 | AA289: 141.5 | AB289: 99.86434 | AC289: =100-($AB$6-AB289) -> 99.7876 | AD289: =($AC$62-AC289)/($AC$62*(1-$M$1)) -> 0.015404786 | AR289: 529.82543 | AS289: 141.5 | AT289: 59.38053 | AU289: =100-($AT$6-AT289) -> 60.03502
B290: 200.02393 | C290: 142 | D290: 100.00704 | E290: =100-($D$6-D290) -> 100.72034 | H290: 225.00196 | I290: 142 | J290: 94.46743 | K290: =100-($J$6-J290) -> 98.57501 | L290: =($K$20-K290)/($K$20*(1-$M$1)) -> 0.02192116 | N290: 225.00617 | O290: 142 | P290: 100.72526 | Q290: =100-($P$6-P290) -> 100.86084 | R290: =($Q$218-Q290)/($Q$218*(1-$M$1)) -> 0.0018101372 | T290: 250.00503 | U290: 142 | V290: 93.07418 | W290: =100-($V$6-V290) -> 97.23158 | X290: =($W$21-W290)/($W$21*(1-$M$1)) -> 0.040854995 | Z290: 250.02277 | AA290: 142 | AB290: 99.82916 | AC290: =100-($AB$6-AB290) -> 99.75242 | AD290: =($AC$62-AC290)/($AC$62*(1-$M$1)) -> 0.015825551 | AR290: 531.31994 | AS290: 142 | AT290: 59.33064 | AU290: =100-($AT$6-AT290) -> 59.98513
B291: 200.01693 | C291: 142.5 | D291: 100.10067 | E291: =100-($D$6-D291) -> 100.81397 | H291: 225.00312 | I291: 142.5 | J291: 94.45318 | K291: =100-($J$6-J291) -> 98.56076 | L291: =($K$20-K291)/($K$20*(1-$M$1)) -> 0.022092749 | N291: 225.00679 | O291: 142.5 | P291: 100.59993 | Q291: =100-($P$6-P291) -> 100.73551 | R291: =($Q$218-Q291)/($Q$218*(1-$M$1)) -> 0.0033100678 | T291: 250.00598 | U291: 142.5 | V291: 93.06828 | W291: =100-($V$6-V291) -> 97.22568 | X291: =($W$21-W291)/($W$21*(1-$M$1)) -> 0.040925872 | Z291: 250.02248 | AA291: 142.5 | AB291: 99.87273 | AC291: =100-($AB$6-AB291) -> 99.79599 | AD291: =($AC$62-AC291)/($AC$62*(1-$M$1)) -> 0.015304439 | AR291: 532.81519 | AS291: 142.5 | AT291: 59.34095 | AU291: =100-($AT$6-AT291) -> 59.99544
B292: 200.01961 | C292: 143 | D292: 99.98233 | E292: =100-($D$6-D292) -> 100.69563 | H292: 225.00613 | I292: 143 | J292: 94.47235 | K292: =100-($J$6-J292) -> 98.57993 | L292: =($K$20-K292)/($K$20*(1-$M$1)) -> 0.021861916 | N292: 225.00708 | O292: 143 | P292: 100.65653 | Q292: =100-($P$6-P292) -> 100.79211 | R292: =($Q$218-Q292)/($Q$218*(1-$M$1)) -> 0.0026326875 | T292: 250.00899 | U292: 143 | V292: 93.06239 | W292: =100-($V$6-V292) -> 97.21979 | X292: =($W$21-W292)/($W$21*(1-$M$1)) -> 0.040996628 | Z292: 250.01981 | AA292: 143 | AB292: 99.84817 | AC292: =100-($AB$6-AB292) -> 99.77143 | AD292: =($AC$62-AC292)/($AC$62*(1-$M$1)) -> 0.015598185 | AR292: 534.31345 | AS292: 143 | AT292: 59.35001 | AU292: =100-($AT$6-AT292) -> 60.0045
B293: 200.01931 | C293: 143.5 | D293: 100.04609 | E293: =100-($D$6-D293) -> 100.75939 | H293: 225.00601 | I293: 143.5 | J293: 94.44251 | K293: =100-($J$6-J293) -> 98.55009 | L293: =($K$20-K293)/($K$20*(1-$M$1)) -> 0.02222123 | N293: 225.0111 | O293: 143.5 | P293: 100.61437 | Q293: =100-($P$6-P293) -> 100.74995 | R293: =($Q$218-Q293)/($Q$218*(1-$M$1)) -> 0.0031372521 | T293: 250.01806 | U293: 143.5 | V293: 93.0404 | W293: =100-($V$6-V293) -> 97.1978 | X293: =($W$21-W293)/($W$21*(1-$M$1)) -> 0.041260794 | Z293: 250.01782 | AA293: 143.5 | AB293: 99.86462 | AC293: =100-($AB$6-AB293) -> 99.78788 | AD293: =($AC$62-AC293)/($AC$62*(1-$M$1)) -> 0.015401437 | AR293: 535.8145 | AS293: 143.5 | AT293: 59.32449 | AU293: =100-($AT$6-AT293) -> 59.97898
B294: 200.01587 | C294: 144 | D294: 99.93729 | E294: =100-($D$6-D294) -> 100.65059 | H294: 225.00608 | I294: 144 | J294: 94.44039 | K294: =100-($J$6-J294) -> 98.54797 | L294: =($K$20-K294)/($K$20*(1-$M$1)) -> 0.022246758 | N294: 225.01379 | O294: 144 | P294: 100.72452 | Q294: =100-($P$6-P294) -> 100.8601 | R294: =($Q$218-Q294)/($Q$218*(1-$M$1)) -> 0.0018189934 | T294: 250.00903 | U294: 144 | V294: 93.00012 | W294: =100-($V$6-V294) -> 97.15752 | X294: =($W$21-W294)/($W$21*(1-$M$1)) -> 0.041744677 | Z294: 250.02 | AA294: 144 | AB294: 99.82403 | AC294: =100-($AB$6-AB294) -> 99.74729 | AD294: =($AC$62-AC294)/($AC$62*(1-$M$1)) -> 0.015886907 | AR294: 537.32037 | AS294: 144 | AT294: 59.314 | AU294: =100-($AT$6-AT294) -> 59.96849
B295: 200.01841 | C295: 144.5 | D295: 100.09026 | E295: =100-($D$6-D295) -> 100.80356 | H295: 225.00804 | I295: 144.5 | J295: 94.4381 | K295: =100-($J$6-J295) -> 98.54568 | L295: =($K$20-K295)/($K$20*(1-$M$1)) -> 0.022274332 | N295: 225.01566 | O295: 144.5 | P295: 100.72313 | Q295: =100-($P$6-P295) -> 100.85871 | R295: =($Q$218-Q295)/($Q$218*(1-$M$1)) -> 0.0018356287 | T295: 250.00302 | U295: 144.5 | V295: 93.00616 | W295: =100-($V$6-V295) -> 97.16356 | X295: =($W$21-W295)/($W$21*(1-$M$1)) -> 0.041672119 | Z295: 250.01735 | AA295: 144.5 | AB295: 99.77359 | AC295: =100-($AB$6-AB295) -> 99.69685 | AD295: =($AC$62-AC295)/($AC$62*(1-$M$1)) -> 0.016490186 | AR295: 538.81475 | AS295: 144.5 | AT295: 59.34013 | AU295: =100-($AT$6-AT295) -> 59.99462
... B335: 200.01877 | C335: 164.5 | D335: 100.06962 | E335: =100-($D$6-D335) -> 100.78292 | H335: 225.00498 | I335: 164.5 | J335: 94.26099 | K335: =100-($J$6-J335) -> 98.36857 | L335: =($K$20-K335)/($K$20*(1-$M$1)) -> 0.024406976 | N335: 225.0177 | O335: 164.5 | P335: 100.556 | Q335: =100-($P$6-P335) -> 100.69158 | R335: =($Q$218-Q335)/($Q$218*(1-$M$1)) -> 0.0038358154 | T335: 250.002 | U335: 164.5 | V335: 92.43038 | W335: =100-($V$6-V335) -> 96.58778 | X335: =($W$21-W335)/($W$21*(1-$M$1)) -> 0.048588961 | Z335: 250.02153 | AA335: 164.5 | AB335: 99.55117 | AC335: =100-($AB$6-AB335) -> 99.47443 | AD335: =($AC$62-AC335)/($AC$62*(1-$M$1)) -> 0.019150403 | AR335: 598.85949 | AS335: 164.5 | AT335: 59.13522 | AU335: =100-($AT$6-AT335) -> 59.78971
B336: 200.01429 | C336: 165 | D336: 100.06863 | E336: =100-($D$6-D336) -> 100.78193 | H336: 225.00991 | I336: 165 | J336: 94.26916 | K336: =100-($J$6-J336) -> 98.37674 | L336: =($K$20-K336)/($K$20*(1-$M$1)) -> 0.024308598 | N336: 225.02087 | O336: 165 | P336: 100.61078 | Q336: =100-($P$6-P336) -> 100.74636 | R336: =($Q$218-Q336)/($Q$218*(1-$M$1)) -> 0.0031802166 | T336: 250.00304 | U336: 165 | V336: 92.4345 | W336: =100-($V$6-V336) -> 96.5919 | X336: =($W$21-W336)/($W$21*(1-$M$1)) -> 0.048539468 | Z336: 250.02168 | AA336: 165 | AB336: 99.5095 | AC336: =100-($AB$6-AB336) -> 99.43276 | AD336: =($AC$62-AC336)/($AC$62*(1-$M$1)) -> 0.01964879
B337: 200.01715 | C337: 165.5 | D337: 100.02054 | E337: =100-($D$6-D337) -> 100.73384 | H337: 225.00715 | I337: 165.5 | J337: 94.26772 | K337: =100-($J$6-J337) -> 98.3753 | L337: =($K$20-K337)/($K$20*(1-$M$1)) -> 0.024325938 | N337: 225.01796 | O337: 165.5 | P337: 100.64077 | Q337: =100-($P$6-P337) -> 100.77635 | R337: =($Q$218-Q337)/($Q$218*(1-$M$1)) -> 0.0028213008 | T337: 250.00801 | U337: 165.5 | V337: 92.41061 | W337: =100-($V$6-V337) -> 96.56801 | X337: =($W$21-W337)/($W$21*(1-$M$1)) -> 0.048826458 | Z337: 250.02373 | AA337: 165.5 | AB337: 99.55826 | AC337: =100-($AB$6-AB337) -> 99.48152 | AD337: =($AC$62-AC337)/($AC$62*(1-$M$1)) -> 0.019065604
B338: 200.01837 | C338: 166 | D338: 100.00801 | E338: =100-($D$6-D338) -> 100.72131 | H338: 225.00707 | I338: 166 | J338: 94.2758 | K338: =100-($J$6-J338) -> 98.38338 | L338: =($K$20-K338)/($K$20*(1-$M$1)) -> 0.024228644 | N338: 225.01761 | O338: 166 | P338: 100.61967 | Q338: =100-($P$6-P338) -> 100.75525 | R338: =($Q$218-Q338)/($Q$218*(1-$M$1)) -> 0.0030738225 | T338: 250.00402 | U338: 166 | V338: 92.39815 | W338: =100-($V$6-V338) -> 96.55555 | X338: =($W$21-W338)/($W$21*(1-$M$1)) -> 0.04897614 | Z338: 250.02135 | AA338: 166 | AB338: 99.57249 | AC338: =100-($AB$6-AB338) -> 99.49575 | AD338: =($AC$62-AC338)/($AC$62*(1-$M$1)) -> 0.018895409
B339: 200.01508 | C339: 166.5 | D339: 100.02387 | E339: =100-($D$6-D339) -> 100.73717 | H339: 225.00898 | I339: 166.5 | J339: 94.26087 | K339: =100-($J$6-J339) -> 98.36845 | L339: =($K$20-K339)/($K$20*(1-$M$1)) -> 0.024408421 | N339: 225.02261 | O339: 166.5 | P339: 100.57688 | Q339: =100-($P$6-P339) -> 100.71246 | R339: =($Q$218-Q339)/($Q$218*(1-$M$1)) -> 0.0035859267 | T339: 250.009 | U339: 166.5 | V339: 92.39016 | W339: =100-($V$6-V339) -> 96.54756 | X339: =($W$21-W339)/($W$21*(1-$M$1)) -> 0.049072124 | Z339: 250.02075 | AA339: 166.5 | AB339: 99.56768 | AC339: =100-($AB$6-AB339) -> 99.49094 | AD339: =($AC$62-AC339)/($AC$62*(1-$M$1)) -> 0.018952938
B340: 200.01642 | C340: 167 | D340: 100.01766 | E340: =100-($D$6-D340) -> 100.73096 | H340: 225.003 | I340: 167 | J340: 94.25461 | K340: =100-($J$6-J340) -> 98.36219 | L340: =($K$20-K340)/($K$20*(1-$M$1)) -> 0.0244838 | N340: 225.02723 | O340: 167 | P340: 100.6306 | Q340: =100-($P$6-P340) -> 100.76618 | R340: =($Q$218-Q340)/($Q$218*(1-$M$1)) -> 0.0029430139 | T340: 250.005 | U340: 167 | V340: 92.37029 | W340: =100-($V$6-V340) -> 96.52769 | X340: =($W$21-W340)/($W$21*(1-$M$1)) -> 0.049310822 | Z340: 250.02011 | AA340: 167 | AB340: 99.53605 | AC340: =100-($AB$6-AB340) -> 99.45931 | AD340: =($AC$62-AC340)/($AC$62*(1-$M$1)) -> 0.019331243
B341: 200.01845 | C341: 167.5 | D341: 100.01511 | E341: =100-($D$6-D341) -> 100.72841 | H341: 224.99994 | I341: 167.5 | J341: 94.25263 | K341: =100-($J$6-J341) -> 98.36021 | L341: =($K$20-K341)/($K$20*(1-$M$1)) -> 0.024507642 | N341: 225.02759 | O341: 167.5 | P341: 100.63325 | Q341: =100-($P$6-P341) -> 100.76883 | R341: =($Q$218-Q341)/($Q$218*(1-$M$1)) -> 0.0029112991 | T341: 250.00701 | U341: 167.5 | V341: 92.36021 | W341: =100-($V$6-V341) -> 96.51761 | X341: =($W$21-W341)/($W$21*(1-$M$1)) -> 0.049431913 | Z341: 250.01941 | AA341: 167.5 | AB341: 99.52573 | AC341: =100-($AB$6-AB341) -> 99.44899 | AD341: =($AC$62-AC341)/($AC$62*(1-$M$1)) -> 0.019454674
B342: 200.0192 | C342: 168 | D342: 100.05362 | E342: =100-($D$6-D342) -> 100.76692 | H342: 225.00498 | I342: 168 | J342: 94.25723 | K342: =100-($J$6-J342) -> 98.36481 | L342: =($K$20-K342)/($K$20*(1-$M$1)) -> 0.024452252 | N342: 225.02749 | O342: 168 | P342: 100.64699 | Q342: =100-($P$6-P342) -> 100.78257 | R342: =($Q$218-Q342)/($Q$218*(1-$M$1)) -> 0.0027468608 | T342: 250.00602 | U342: 168 | V342: 92.36239 | W342: =100-($V$6-V342) -> 96.51979 | X342: =($W$21-W342)/($W$21*(1-$M$1)) -> 0.049405725 | Z342: 250.01879 | AA342: 168 | AB342: 99.544 | AC342: =100-($AB$6-AB342) -> 99.46726 | AD342: =($AC$62-AC342)/($AC$62*(1-$M$1)) -> 0.019236159
B343: 200.02156 | C343: 168.5 | D343: 100.01923 | E343: =100-($D$6-D343) -> 100.73253 | H343: 225.00199 | I343: 168.5 | J343: 94.24381 | K343: =100-($J$6-J343) -> 98.35139 | L343: =($K$20-K343)/($K$20*(1-$M$1)) -> 0.024613847 | N343: 225.02689 | O343: 168.5 | P343: 100.66057 | Q343: =100-($P$6-P343) -> 100.79615 | R343: =($Q$218-Q343)/($Q$218*(1-$M$1)) -> 0.0025843374 | T343: 249.99995 | U343: 168.5 | V343: 92.35987 | W343: =100-($V$6-V343) -> 96.51727 | X343: =($W$21-W343)/($W$21*(1-$M$1)) -> 0.049435997 | Z343: 250.02116 | AA343: 168.5 | AB343: 99.54894 | AC343: =100-($AB$6-AB343) -> 99.4722 | AD343: =($AC$62-AC343)/($AC$62*(1-$M$1)) -> 0.019177075
B344: 200.0266 | C344: 169 | D344: 100.02192 | E344: =100-($D$6-D344) -> 100.73522 | H344: 225.00591 | I344: 169 | J344: 94.24401 | K344: =100-($J$6-J344) -> 98.35159 | L344: =($K$20-K344)/($K$20*(1-$M$1)) -> 0.024611438 | N344: 225.02337 | O344: 169 | P344: 100.66452 | Q344: =100-($P$6-P344) -> 100.8001 | R344: =($Q$218-Q344)/($Q$218*(1-$M$1)) -> 0.0025370644 | T344: 250.00204 | U344: 169 | V344: 92.33803 | W344: =100-($V$6-V344) -> 96.49543 | X344: =($W$21-W344)/($W$21*(1-$M$1)) -> 0.049698361 | Z344: 250.02165 | AA344: 169 | AB344: 99.51179 | AC344: =100-($AB$6-AB344) -> 99.43505 | AD344: =($AC$62-AC344)/($AC$62*(1-$M$1)) -> 0.019621401
B345: 200.02669 | C345: 169.5 | D345: 100.03458 | E345: =100-($D$6-D345) -> 100.74788 | H345: 225.00199 | I345: 169.5 | J345: 94.22357 | K345: =100-($J$6-J345) -> 98.33115 | L345: =($K$20-K345)/($K$20*(1-$M$1)) -> 0.024857564 | N345: 225.02093 | O345: 169.5 | P345: 100.76349 | Q345: =100-($P$6-P345) -> 100.89907 | R345: =($Q$218-Q345)/($Q$218*(1-$M$1)) -> 0.0013526063 | T345: 250.00402 | U345: 169.5 | V345: 92.33224 | W345: =100-($V$6-V345) -> 96.48964 | X345: =($W$21-W345)/($W$21*(1-$M$1)) -> 0.049767916 | Z345: 250.02119 | AA345: 169.5 | AB345: 99.48579 | AC345: =100-($AB$6-AB345) -> 99.40905 | AD345: =($AC$62-AC345)/($AC$62*(1-$M$1)) -> 0.01993237
B346: 200.02391 | C346: 170 | D346: 100.00827 | E346: =100-($D$6-D346) -> 100.72157 | H346: 225.00493 | I346: 170 | J346: 94.2168 | K346: =100-($J$6-J346) -> 98.32438 | L346: =($K$20-K346)/($K$20*(1-$M$1)) -> 0.024939084 | N346: 225.0181 | O346: 170 | P346: 100.65115 | Q346: =100-($P$6-P346) -> 100.78673 | R346: =($Q$218-Q346)/($Q$218*(1-$M$1)) -> 0.0026970746 | T346: 250.002 | U346: 170 | V346: 92.29379 | W346: =100-($V$6-V346) -> 96.45119 | X346: =($W$21-W346)/($W$21*(1-$M$1)) -> 0.050229816 | Z346: 250.0194 | AA346: 170 | AB346: 99.5209 | AC346: =100-($AB$6-AB346) -> 99.44416 | AD346: =($AC$62-AC346)/($AC$62*(1-$M$1)) -> 0.019512442
B347: 200.02292 | C347: 170.5 | D347: 100.07896 | E347: =100-($D$6-D347) -> 100.79226 | H347: 225.00713 | I347: 170.5 | J347: 94.23438 | K347: =100-($J$6-J347) -> 98.34196 | L347: =($K$20-K347)/($K$20*(1-$M$1)) -> 0.024727397 | N347: 225.0134 | O347: 170.5 | P347: 100.71889 | Q347: =100-($P$6-P347) -> 100.85447 | R347: =($Q$218-Q347)/($Q$218*(1-$M$1)) -> 0.0018863724 | T347: 250.00306 | U347: 170.5 | V347: 92.29012 | W347: =100-($V$6-V347) -> 96.44752 | X347: =($W$21-W347)/($W$21*(1-$M$1)) -> 0.050273904 | Z347: 250.01628 | AA347: 170.5 | AB347: 99.50557 | AC347: =100-($AB$6-AB347) -> 99.42883 | AD347: =($AC$62-AC347)/($AC$62*(1-$M$1)) -> 0.019695794
... B431: 200.02312 | C431: 212.5 | D431: 99.96124 | E431: =100-($D$6-D431) -> 100.67454 | H431: 225.00503 | I431: 212.5 | J431: 93.63429 | K431: =100-($J$6-J431) -> 97.74187 | L431: =($K$20-K431)/($K$20*(1-$M$1)) -> 0.031953291 | N431: 225.01948 | O431: 212.5 | P431: 100.56995 | Q431: =100-($P$6-P431) -> 100.70553 | R431: =($Q$218-Q431)/($Q$218*(1-$M$1)) -> 0.0036688639 | T431: 250.00798 | U431: 212.5 | V431: 91.16222 | W431: =100-($V$6-V431) -> 95.31962 | X431: =($W$21-W431)/($W$21*(1-$M$1)) -> 0.063823361 | Z431: 250.0138 | AA431: 212.5 | AB431: 98.81929 | AC431: =100-($AB$6-AB431) -> 98.74255 | AD431: =($AC$62-AC431)/($AC$62*(1-$M$1)) -> 0.02790393
B432: 200.02703 | C432: 213 | D432: 100.31329 | E432: =100-($D$6-D432) -> 101.02659 | F432: =($E$432-E432)/($E$432*(1-$M$1)) -> 0 | H432: 225.00792 | I432: 213 | J432: 93.65918 | K432: =100-($J$6-J432) -> 97.76676 | L432: =($K$20-K432)/($K$20*(1-$M$1)) -> 0.031653582 | N432: 225.02134 | O432: 213 | P432: 100.65198 | Q432: =100-($P$6-P432) -> 100.78756 | R432: =($Q$218-Q432)/($Q$218*(1-$M$1)) -> 0.0026871412 | T432: 250.00397 | U432: 213 | V432: 91.15836 | W432: =100-($V$6-V432) -> 95.31576 | X432: =($W$21-W432)/($W$21*(1-$M$1)) -> 0.063869731 | Z432: 250.01562 | AA432: 213 | AB432: 98.84212 | AC432: =100-($AB$6-AB432) -> 98.76538 | AD432: =($AC$62-AC432)/($AC$62*(1-$M$1)) -> 0.027630876
B433: 200.02619 | C433: 213.5 | D433: 99.94615 | E433: =100-($D$6-D433) -> 100.65945 | F433: =($E$432-E433)/($E$432*(1-$M$1)) -> 0.0043932456 | H433: 225.00807 | I433: 213.5 | J433: 93.65696 | K433: =100-($J$6-J433) -> 97.76454 | L433: =($K$20-K433)/($K$20*(1-$M$1)) -> 0.031680314 | N433: 225.02343 | O433: 213.5 | P433: 100.47989 | Q433: =100-($P$6-P433) -> 100.61547 | R433: =($Q$218-Q433)/($Q$218*(1-$M$1)) -> 0.0047466884 | T433: 250.008 | U433: 213.5 | V433: 91.12832 | W433: =100-($V$6-V433) -> 95.28572 | X433: =($W$21-W433)/($W$21*(1-$M$1)) -> 0.064230601 | Z433: 250.01757 | AA433: 213.5 | AB433: 98.84324 | AC433: =100-($AB$6-AB433) -> 98.7665 | AD433: =($AC$62-AC433)/($AC$62*(1-$M$1)) -> 0.02761748
B434: 200.02648 | C434: 214 | D434: 100.12027 | E434: =100-($D$6-D434) -> 100.83357 | F434: =($E$432-E434)/($E$432*(1-$M$1)) -> 0.0023097027 | H434: 225.00406 | I434: 214 | J434: 93.63604 | K434: =100-($J$6-J434) -> 97.74362 | L434: =($K$20-K434)/($K$20*(1-$M$1)) -> 0.031932219 | N434: 225.02143 | O434: 214 | P434: 100.49123 | Q434: =100-($P$6-P434) -> 100.62681 | R434: =($Q$218-Q434)/($Q$218*(1-$M$1)) -> 0.004610973 | T434: 250.01 | U434: 214 | V434: 91.16255 | W434: =100-($V$6-V434) -> 95.31995 | X434: =($W$21-W434)/($W$21*(1-$M$1)) -> 0.063819397 | Z434: 250.01793 | AA434: 214 | AB434: 98.83988 | AC434: =100-($AB$6-AB434) -> 98.76314 | AD434: =($AC$62-AC434)/($AC$62*(1-$M$1)) -> 0.027657667
B435: 200.02891 | C435: 214.5 | D435: 100.0926 | E435: =100-($D$6-D435) -> 100.8059 | F435: =($E$432-E435)/($E$432*(1-$M$1)) -> 0.0026408056 | H435: 225.00595 | I435: 214.5 | J435: 93.6427 | K435: =100-($J$6-J435) -> 97.75028 | L435: =($K$20-K435)/($K$20*(1-$M$1)) -> 0.031852023 | N435: 225.01896 | O435: 214.5 | P435: 100.54177 | Q435: =100-($P$6-P435) -> 100.67735 | R435: =($Q$218-Q435)/($Q$218*(1-$M$1)) -> 0.0040061179 | T435: 250.004 | U435: 214.5 | V435: 91.09416 | W435: =100-($V$6-V435) -> 95.25156 | X435: =($W$21-W435)/($W$21*(1-$M$1)) -> 0.064640965 | Z435: 250.01776 | AA435: 214.5 | AB435: 98.96505 | AC435: =100-($AB$6-AB435) -> 98.88831 | AD435: =($AC$62-AC435)/($AC$62*(1-$M$1)) -> 0.026160592
B436: 200.02467 | C436: 215 | D436: 100.06283 | E436: =100-($D$6-D436) -> 100.77613 | F436: =($E$432-E436)/($E$432*(1-$M$1)) -> 0.0029970374 | H436: 225.00603 | I436: 215 | J436: 93.60426 | K436: =100-($J$6-J436) -> 97.71184 | L436: =($K$20-K436)/($K$20*(1-$M$1)) -> 0.032314893 | N436: 225.01861 | O436: 215 | P436: 100.54363 | Q436: =100-($P$6-P436) -> 100.67921 | R436: =($Q$218-Q436)/($Q$218*(1-$M$1)) -> 0.0039838577 | T436: 250.00598 | U436: 215 | V436: 91.10417 | W436: =100-($V$6-V436) -> 95.26157 | X436: =($W$21-W436)/($W$21*(1-$M$1)) -> 0.064520715 | Z436: 250.01726 | AA436: 215 | AB436: 98.95171 | AC436: =100-($AB$6-AB436) -> 98.87497 | AD436: =($AC$62-AC436)/($AC$62*(1-$M$1)) -> 0.026320143
B437: 200.02606 | C437: 215.5 | D437: 100.07343 | E437: =100-($D$6-D437) -> 100.78673 | F437: =($E$432-E437)/($E$432*(1-$M$1)) -> 0.0028701964 | H437: 225.00392 | I437: 215.5 | J437: 93.63266 | K437: =100-($J$6-J437) -> 97.74024 | L437: =($K$20-K437)/($K$20*(1-$M$1)) -> 0.031972918 | N437: 225.01657 | O437: 215.5 | P437: 100.38726 | Q437: =100-($P$6-P437) -> 100.52284 | R437: =($Q$218-Q437)/($Q$218*(1-$M$1)) -> 0.0058552703 | T437: 250.01199 | U437: 215.5 | V437: 91.1183 | W437: =100-($V$6-V437) -> 95.2757 | X437: =($W$21-W437)/($W$21*(1-$M$1)) -> 0.064350972 | Z437: 250.01392 | AA437: 215.5 | AB437: 98.81682 | AC437: =100-($AB$6-AB437) -> 98.74008 | AD437: =($AC$62-AC437)/($AC$62*(1-$M$1)) -> 0.027933472
B438: 200.02742 | C438: 216 | D438: 100.11321 | E438: =100-($D$6-D438) -> 100.82651 | F438: =($E$432-E438)/($E$432*(1-$M$1)) -> 0.0023941836 | H438: 225.00212 | I438: 216 | J438: 93.60145 | K438: =100-($J$6-J438) -> 97.70903 | L438: =($K$20-K438)/($K$20*(1-$M$1)) -> 0.032348729 | N438: 225.01465 | O438: 216 | P438: 100.543 | Q438: =100-($P$6-P438) -> 100.67858 | R438: =($Q$218-Q438)/($Q$218*(1-$M$1)) -> 0.0039913975 | T438: 250.00703 | U438: 216 | V438: 91.08821 | W438: =100-($V$6-V438) -> 95.24561 | X438: =($W$21-W438)/($W$21*(1-$M$1)) -> 0.064712443 | Z438: 250.01141 | AA438: 216 | AB438: 98.88349 | AC438: =100-($AB$6-AB438) -> 98.80675 | AD438: =($AC$62-AC438)/($AC$62*(1-$M$1)) -> 0.027136077
B439: 200.02616 | C439: 216.5 | D439: 100.01105 | E439: =100-($D$6-D439) -> 100.72435 | F439: =($E$432-E439)/($E$432*(1-$M$1)) -> 0.0036166437 | H439: 225.00298 | I439: 216.5 | J439: 93.59823 | K439: =100-($J$6-J439) -> 97.70581 | L439: =($K$20-K439)/($K$20*(1-$M$1)) -> 0.032387502 | N439: 225.01654 | O439: 216.5 | P439: 100.54921 | Q439: =100-($P$6-P439) -> 100.68479 | R439: =($Q$218-Q439)/($Q$218*(1-$M$1)) -> 0.0039170771 | T439: 250.00403 | U439: 216.5 | V439: 91.08424 | W439: =100-($V$6-V439) -> 95.24164 | X439: =($W$21-W439)/($W$21*(1-$M$1)) -> 0.064760134 | Z439: 250.01364 | AA439: 216.5 | AB439: 98.76871 | AC439: =100-($AB$6-AB439) -> 98.69197 | AD439: =($AC$62-AC439)/($AC$62*(1-$M$1)) -> 0.028508884
B440: 200.0263 | C440: 217 | D440: 100.157 | E440: =100-($D$6-D440) -> 100.8703 | F440: =($E$432-E440)/($E$432*(1-$M$1)) -> 0.0018701867 | H440: 225.00404 | I440: 217 | J440: 93.60487 | K440: =100-($J$6-J440) -> 97.71245 | L440: =($K$20-K440)/($K$20*(1-$M$1)) -> 0.032307548 | N440: 225.02006 | O440: 217 | P440: 100.5914 | Q440: =100-($P$6-P440) -> 100.72698 | R440: =($Q$218-Q440)/($Q$218*(1-$M$1)) -> 0.0034121536 | T440: 250.00404 | U440: 217 | V440: 91.06829 | W440: =100-($V$6-V440) -> 95.22569 | X440: =($W$21-W440)/($W$21*(1-$M$1)) -> 0.064951742 | Z440: 250.01214 | AA440: 217 | AB440: 98.79697 | AC440: =100-($AB$6-AB440) -> 98.72023 | AD440: =($AC$62-AC440)/($AC$62*(1-$M$1)) -> 0.028170885
B441: 200.02126 | C441: 217.5 | D441: 100.02413 | E441: =100-($D$6-D441) -> 100.73743 | F441: =($E$432-E441)/($E$432*(1-$M$1)) -> 0.0034601267 | H441: 225.00494 | I441: 217.5 | J441: 93.58166 | K441: =100-($J$6-J441) -> 97.68924 | L441: =($K$20-K441)/($K$20*(1-$M$1)) -> 0.032587027 | N441: 225.01765 | O441: 217.5 | P441: 100.59465 | Q441: =100-($P$6-P441) -> 100.73023 | R441: =($Q$218-Q441)/($Q$218*(1-$M$1)) -> 0.003373258 | T441: 250.007 | U441: 217.5 | V441: 91.05992 | W441: =100-($V$6-V441) -> 95.21732 | X441: =($W$21-W441)/($W$21*(1-$M$1)) -> 0.06505229 | Z441: 250.00745 | AA441: 217.5 | AB441: 98.85915 | AC441: =100-($AB$6-AB441) -> 98.78241 | AD441: =($AC$62-AC441)/($AC$62*(1-$M$1)) -> 0.027427191
B442: 200.01816 | C442: 218 | D442: 100.04762 | E442: =100-($D$6-D442) -> 100.76092 | F442: =($E$432-E442)/($E$432*(1-$M$1)) -> 0.0031790422 | H442: 225.00601 | I442: 218 | J442: 93.5899 | K442: =100-($J$6-J442) -> 97.69748 | L442: =($K$20-K442)/($K$20*(1-$M$1)) -> 0.032487807 | N442: 225.01679 | O442: 218 | P442: 100.41882 | Q442: =100-($P$6-P442) -> 100.5544 | R442: =($Q$218-Q442)/($Q$218*(1-$M$1)) -> 0.005477565 | T442: 249.99996 | U442: 218 | V442: 91.03558 | W442: =100-($V$6-V442) -> 95.19298 | X442: =($W$21-W442)/($W$21*(1-$M$1)) -> 0.065344687 | Z442: 250.01196 | AA442: 218 | AB442: 98.8289 | AC442: =100-($AB$6-AB442) -> 98.75216 | AD442: =($AC$62-AC442)/($AC$62*(1-$M$1)) -> 0.027788991
B443: 200.01745 | C443: 218.5 | D443: 100.0438 | E443: =100-($D$6-D443) -> 100.7571 | F443: =($E$432-E443)/($E$432*(1-$M$1)) -> 0.0032247528 | H443: 225.00711 | I443: 218.5 | J443: 93.61075 | K443: =100-($J$6-J443) -> 97.71833 | L443: =($K$20-K443)/($K$20*(1-$M$1)) -> 0.032236744 | N443: 225.01714 | O443: 218.5 | P443: 100.38005 | Q443: =100-($P$6-P443) -> 100.51563 | R443: =($Q$218-Q443)/($Q$218*(1-$M$1)) -> 0.0059415585 | T443: 250.00398 | U443: 218.5 | V443: 91.06812 | W443: =100-($V$6-V443) -> 95.22552 | X443: =($W$21-W443)/($W$21*(1-$M$1)) -> 0.064953784 | Z443: 250.01202 | AA443: 218.5 | AB443: 98.7276 | AC443: =100-($AB$6-AB443) -> 98.65086 | AD443: =($AC$62-AC443)/($AC$62*(1-$M$1)) -> 0.029000573
... B485: 200.01536 | C485: 239.5 | D485: 100.16836 | E485: =100-($D$6-D485) -> 100.88166 | F485: =($E$432-E485)/($E$432*(1-$M$1)) -> 0.0017342515 | H485: 225.00789 | I485: 239.5 | J485: 93.39655 | K485: =100-($J$6-J485) -> 97.50413 | L485: =($K$20-K485)/($K$20*(1-$M$1)) -> 0.034816002 | N485: 225.01836 | O485: 239.5 | P485: 100.29863 | Q485: =100-($P$6-P485) -> 100.43421 | R485: =($Q$218-Q485)/($Q$218*(1-$M$1)) -> 0.0069159808 | T485: 250.004 | U485: 239.5 | V485: 90.52447 | W485: =100-($V$6-V485) -> 94.68187 | X485: =($W$21-W485)/($W$21*(1-$M$1)) -> 0.071484649 | Z485: 250.01695 | AA485: 239.5 | AB485: 98.46326 | AC485: =100-($AB$6-AB485) -> 98.38652 | AD485: =($AC$62-AC485)/($AC$62*(1-$M$1)) -> 0.032162167
T486: 249.99897 | U486: 240 | V486: 90.51644 | W486: =100-($V$6-V486) -> 94.67384 | X486: =($W$21-W486)/($W$21*(1-$M$1)) -> 0.071581113 | Z486: 250.01919 | AA486: 240 | AB486: 98.57901 | AC486: =100-($AB$6-AB486) -> 98.50227 | AD486: =($AC$62-AC486)/($AC$62*(1-$M$1)) -> 0.030777758
T487: 250.00899 | U487: 240.5 | V487: 90.52835 | W487: =100-($V$6-V487) -> 94.68575 | X487: =($W$21-W487)/($W$21*(1-$M$1)) -> 0.071438038 | Z487: 250.015 | AA487: 240.5 | AB487: 98.5855 | AC487: =100-($AB$6-AB487) -> 98.50876 | AD487: =($AC$62-AC487)/($AC$62*(1-$M$1)) -> 0.030700136
T488: 250.00904 | U488: 241 | V488: 90.51645 | W488: =100-($V$6-V488) -> 94.67385 | X488: =($W$21-W488)/($W$21*(1-$M$1)) -> 0.071580993 | Z488: 250.01156 | AA488: 241 | AB488: 98.45214 | AC488: =100-($AB$6-AB488) -> 98.3754 | AD488: =($AC$62-AC488)/($AC$62*(1-$M$1)) -> 0.032295165
T489: 250.00602 | U489: 241.5 | V489: 90.48622 | W489: =100-($V$6-V489) -> 94.64362 | X489: =($W$21-W489)/($W$21*(1-$M$1)) -> 0.071944146 | Z489: 250.01096 | AA489: 241.5 | AB489: 98.53056 | AC489: =100-($AB$6-AB489) -> 98.45382 | AD489: =($AC$62-AC489)/($AC$62*(1-$M$1)) -> 0.031357236
...

Sheet All Data, PW500, 20% O2
F1: Ash PW500: | G1: 1.1463 | H1: =G1/100 -> 0.011463
A3: 200C | G3: 225C (Sif) | M3: 225C (Odin) | S3: 250C (Sif) | AF3: Linear (1) | AK3: Linear (2) | AP3: LINEAR (REAL)
A5: TEMP | B5: CORRECTED TIME | C5: MASS% NON-CORRECTED | D5: MASS% CORRECTED | E5: X_C from top-point | G5: TEMP | H5: TIME CORRECTED | I5: MASS% | J5: CORRECTED MASS% | K5: X_C FROM TOP | M5: TEMP | N5: TIME CORRECTED | O5: MASS% | P5: CORRECTED MASS% | Q5: X_C FROM TOP | S5: TEMP | T5: TIME CORRECTED | U5: MASS% | V5: CORRECTED MASS% | W5: X_C FROM TOP | Y5: TEMP | Z5: TIME CORRECTED | AA5: MASS% | AB5: CORRECTED MASS% | AC5: X_C FROM TOP | AF5: TEMP | AG5: TIME | AH5: RAW MASS% | AI5: CORRECTED MASS% | AJ5: X_C | AK5: TEMP | AL5: TIME | AM5: RAW MASS% | AN5: CORRECTED MASS% | AO5: X_C | AP5: temp | AQ5: time | AR5: mass% | AS5: corrected
A6: 200.16045 | B6: 0 | C6: 100.12345 | D6: 100 | G6: 225.00419 | H6: 0 | I6: 98.40961 | J6: 100 | M6: 225.02356 | N6: 0 | O6: 100.79239 | P6: 100 | S6: 250.00106 | T6: 0 | U6: 96.67631 | V6: =100-($U$6-U6) -> 100 | Y6: 250.019 | Z6: 0 | AA6: 101.60902 | AB6: =100-($AA$6-AA6) -> 100 | AF6: 105.19041 | AG6: 0 | AH6: 98.12056 | AI6: =100-($AH$6-AH6) -> 100 | AK6: 105.20819 | AL6: 0 | AM6: 98.03439 | AN6: =100-($AM$6-AM6) -> 100 | AP6: 88.63674 | AQ6: 0 | AR6: 99.44619 | AS6: =100-($AR$6-AR6) -> 100
A7: 202.3471 | B7: 0.5 | C7: 100.3084 | D7: =100-($C$6-C7) -> 100.18495 | G7: 225.18164 | H7: 0.5 | I7: 98.50592 | J7: =100-($I$6-I7) -> 100.09631 | M7: 227.14356 | N7: 0.5 | O7: 100.85732 | P7: =100-($O$6-O7) -> 100.06493 | S7: 250.24408 | T7: 0.5 | U7: 96.74853 | V7: =100-($U$6-U7) -> 100.07222 | Y7: 250.07672 | Z7: 0.5 | AA7: 101.70377 | AB7: =100-($AA$6-AA7) -> 100.09475 | AF7: 106.42515 | AG7: 0.5 | AH7: 98.18798 | AI7: =100-($AH$6-AH7) -> 100.06742 | AK7: 106.44375 | AL7: 0.5 | AM7: 98.10482 | AN7: =100-($AM$6-AM7) -> 100.07043 | AP7: 91.13844 | AQ7: 0.5 | AR7: 99.46875 | AS7: =100-($AR$6-AR7) -> 100.02256
A8: 204.05022 | B8: 1 | C8: 100.3194 | D8: =100-($C$6-C8) -> 100.19595 | G8: 225.27373 | H8: 1 | I8: 98.626 | J8: =100-($I$6-I8) -> 100.21639 | M8: 228.74603 | N8: 1 | O8: 101.01386 | P8: =100-($O$6-O8) -> 100.22147 | S8: 250.377 | T8: 1 | U8: 96.91733 | V8: =100-($U$6-U8) -> 100.24102 | Y8: 250.14806 | Z8: 1 | AA8: 101.96535 | AB8: =100-($AA$6-AA8) -> 100.35633 | AF8: 108.32773 | AG8: 1 | AH8: 98.15427 | AI8: =100-($AH$6-AH8) -> 100.03371 | AK8: 108.3372 | AL8: 1 | AM8: 98.09687 | AN8: =100-($AM$6-AM8) -> 100.06248 | AP8: 94.81211 | AQ8: 1 | AR8: 99.51831 | AS8: =100-($AR$6-AR8) -> 100.07212
A9: 205.14419 | B9: 1.5 | C9: 100.49401 | D9: =100-($C$6-C9) -> 100.37056 | G9: 225.22633 | H9: 1.5 | I9: 98.68916 | J9: =100-($I$6-I9) -> 100.27955 | M9: 229.70337 | N9: 1.5 | O9: 101.13418 | P9: =100-($O$6-O9) -> 100.34179 | S9: 250.30961 | T9: 1.5 | U9: 97.04146 | V9: =100-($U$6-U9) -> 100.36515 | Y9: 250.16394 | Z9: 1.5 | AA9: 102.12828 | AB9: =100-($AA$6-AA9) -> 100.51926 | AF9: 110.65187 | AG9: 1.5 | AH9: 98.16675 | AI9: =100-($AH$6-AH9) -> 100.04619 | AK9: 110.64782 | AL9: 1.5 | AM9: 98.08488 | AN9: =100-($AM$6-AM9) -> 100.05049 | AP9: 98.89802 | AQ9: 1.5 | AR9: 99.53678 | AS9: =100-($AR$6-AR9) -> 100.09059
A10: 205.71657 | B10: 2 | C10: 100.47907 | D10: =100-($C$6-C10) -> 100.35562 | G10: 225.15446 | H10: 2 | I10: 98.77539 | J10: =100-($I$6-I10) -> 100.36578 | M10: 230.15039 | N10: 2 | O10: 101.09103 | P10: =100-($O$6-O10) -> 100.29864 | S10: 250.21466 | T10: 2 | U10: 97.1464 | V10: =100-($U$6-U10) -> 100.47009 | Y10: 250.14592 | Z10: 2 | AA10: 102.13989 | AB10: =100-($AA$6-AA10) -> 100.53087 | AF10: 113.21246 | AG10: 2 | AH10: 98.15281 | AI10: =100-($AH$6-AH10) -> 100.03225 | AK10: 113.1991 | AL10: 2 | AM10: 98.08149 | AN10: =100-($AM$6-AM10) -> 100.0471 | AP10: 102.9268 | AQ10: 2 | AR10: 99.45407 | AS10: =100-($AR$6-AR10) -> 100.00788
A11: 205.95375 | B11: 2.5 | C11: 100.58235 | D11: =100-($C$6-C11) -> 100.4589 | G11: 225.0936 | H11: 2.5 | I11: 98.82056 | J11: =100-($I$6-I11) -> 100.41095 | M11: 230.30001 | N11: 2.5 | O11: 101.2114 | P11: =100-($O$6-O11) -> 100.41901 | S11: 250.13079 | T11: 2.5 | U11: 97.23752 | V11: =100-($U$6-U11) -> 100.56121 | Y11: 250.11961 | Z11: 2.5 | AA11: 102.31671 | AB11: =100-($AA$6-AA11) -> 100.70769 | AF11: 115.89867 | AG11: 2.5 | AH11: 98.13646 | AI11: =100-($AH$6-AH11) -> 100.0159 | AK11: 115.8924 | AL11: 2.5 | AM11: 98.07044 | AN11: =100-($AM$6-AM11) -> 100.03605 | AP11: 106.66616 | AQ11: 2.5 | AR11: 99.53594 | AS11: =100-($AR$6-AR11) -> 100.08975
A12: 206.0111 | B12: 3 | C12: 100.78585 | D12: =100-($C$6-C12) -> 100.6624 | G12: 225.04898 | H12: 3 | I12: 98.86721 | J12: =100-($I$6-I12) -> 100.4576 | M12: 230.31912 | N12: 3 | O12: 101.32413 | P12: =100-($O$6-O12) -> 100.53174 | S12: 250.06374 | T12: 3 | U12: 97.32009 | V12: =100-($U$6-U12) -> 100.64378 | Y12: 250.09143 | Z12: 3 | AA12: 102.21045 | AB12: =100-($AA$6-AA12) -> 100.60143 | AF12: 118.64494 | AG12: 3 | AH12: 98.12267 | AI12: =100-($AH$6-AH12) -> 100.00211 | AK12: 118.64235 | AL12: 3 | AM12: 98.05305 | AN12: =100-($AM$6-AM12) -> 100.01866 | AP12: 109.99105 | AQ12: 3 | AR12: 99.48447 | AS12: =100-($AR$6-AR12) -> 100.03828
A13: 205.9784 | B13: 3.5 | C13: 100.71317 | D13: =100-($C$6-C13) -> 100.58972 | G13: 225.0177 | H13: 3.5 | I13: 98.94909 | J13: =100-($I$6-I13) -> 100.53948 | M13: 230.28104 | N13: 3.5 | O13: 101.25149 | P13: =100-($O$6-O13) -> 100.4591 | S13: 250.02287 | T13: 3.5 | U13: 97.38226 | V13: =100-($U$6-U13) -> 100.70595 | Y13: 250.07171 | Z13: 3.5 | AA13: 102.41475 | AB13: =100-($AA$6-AA13) -> 100.80573 | AF13: 121.41716 | AG13: 3.5 | AH13: 98.10526 | AI13: =100-($AH$6-AH13) -> 99.9847 | AK13: 121.4033 | AL13: 3.5 | AM13: 98.03201 | AN13: =100-($AM$6-AM13) -> 99.99762 | AP13: 112.90872 | AQ13: 3.5 | AR13: 99.48556 | AS13: =100-($AR$6-AR13) -> 100.03937
A14: 205.88447 | B14: 4 | C14: 100.70979 | D14: =100-($C$6-C14) -> 100.58634 | G14: 224.99391 | H14: 4 | I14: 98.9869 | J14: =100-($I$6-I14) -> 100.57729 | M14: 230.20173 | N14: 4 | O14: 101.38406 | P14: =100-($O$6-O14) -> 100.59167 | S14: 249.99086 | T14: 4 | U14: 97.42694 | V14: =100-($U$6-U14) -> 100.75063 | Y14: 250.06326 | Z14: 4 | AA14: 102.48445 | AB14: =100-($AA$6-AA14) -> 100.87543 | AF14: 124.1683 | AG14: 4 | AH14: 98.09876 | AI14: =100-($AH$6-AH14) -> 99.9782 | AK14: 124.15543 | AL14: 4 | AM14: 98.00396 | AN14: =100-($AM$6-AM14) -> 99.96957 | AP14: 115.43247 | AQ14: 4 | AR14: 99.50121 | AS14: =100-($AR$6-AR14) -> 100.05502
A15: 205.72745 | B15: 4.5 | C15: 100.77183 | D15: =100-($C$6-C15) -> 100.64838 | G15: 224.98703 | H15: 4.5 | I15: 99.02149 | J15: =100-($I$6-I15) -> 100.61188 | M15: 230.06826 | N15: 4.5 | O15: 101.40749 | P15: =100-($O$6-O15) -> 100.6151 | S15: 249.97397 | T15: 4.5 | U15: 97.48871 | V15: =100-($U$6-U15) -> 100.8124 | Y15: 250.05236 | Z15: 4.5 | AA15: 102.45852 | AB15: =100-($AA$6-AA15) -> 100.8495 | AF15: 126.87304 | AG15: 4.5 | AH15: 98.09507 | AI15: =100-($AH$6-AH15) -> 99.97451 | AK15: 126.87102 | AL15: 4.5 | AM15: 97.98794 | AN15: =100-($AM$6-AM15) -> 99.95355 | AP15: 117.6313 | AQ15: 4.5 | AR15: 99.48784 | AS15: =100-($AR$6-AR15) -> 100.04165
A16: 205.50226 | B16: 5 | C16: 100.7446 | D16: =100-($C$6-C16) -> 100.62115 | G16: 224.97893 | H16: 5 | I16: 99.02638 | J16: =100-($I$6-I16) -> 100.61677 | M16: 229.85282 | N16: 5 | O16: 101.42798 | P16: =100-($O$6-O16) -> 100.63559 | S16: 249.96591 | T16: 5 | U16: 97.54466 | V16: =100-($U$6-U16) -> 100.86835 | Y16: 250.04518 | Z16: 5 | AA16: 102.50898 | AB16: =100-($AA$6-AA16) -> 100.89996 | AF16: 129.52791 | AG16: 5 | AH16: 98.05341 | AI16: =100-($AH$6-AH16) -> 99.93285 | AK16: 129.52637 | AL16: 5 | AM16: 97.99825 | AN16: =100-($AM$6-AM16) -> 99.96386 | AP16: 119.58267 | AQ16: 5 | AR16: 99.49001 | AS16: =100-($AR$6-AR16) -> 100.04382
A17: 205.20817 | B17: 5.5 | C17: 100.90078 | D17: =100-($C$6-C17) -> 100.77733 | G17: 224.97003 | H17: 5.5 | I17: 99.06486 | J17: =100-($I$6-I17) -> 100.65525 | M17: 229.57177 | N17: 5.5 | O17: 101.482 | P17: =100-($O$6-O17) -> 100.68961 | S17: 249.96594 | T17: 5.5 | U17: 97.59305 | V17: =100-($U$6-U17) -> 100.91674 | Y17: 250.03969 | Z17: 5.5 | AA17: 102.57071 | AB17: =100-($AA$6-AA17) -> 100.96169 | AF17: 132.16087 | AG17: 5.5 | AH17: 98.09084 | AI17: =100-($AH$6-AH17) -> 99.97028 | AK17: 132.14797 | AL17: 5.5 | AM17: 97.97713 | AN17: =100-($AM$6-AM17) -> 99.94274 | AP17: 121.35482 | AQ17: 5.5 | AR17: 99.45152 | AS17: =100-($AR$6-AR17) -> 100.00533
A18: 204.85043 | B18: 6 | C18: 100.74669 | D18: =100-($C$6-C18) -> 100.62324 | G18: 224.97392 | H18: 6 | I18: 99.11604 | J18: =100-($I$6-I18) -> 100.70643 | M18: 229.23616 | N18: 6 | O18: 101.59352 | P18: =100-($O$6-O18) -> 100.80113 | S18: 249.96098 | T18: 6 | U18: 97.62132 | V18: =100-($U$6-U18) -> 100.94501 | Y18: 250.03238 | Z18: 6 | AA18: 102.58842 | AB18: =100-($AA$6-AA18) -> 100.9794 | AF18: 134.78 | AG18: 6 | AH18: 98.04864 | AI18: =100-($AH$6-AH18) -> 99.92808 | AK18: 134.76504 | AL18: 6 | AM18: 97.96861 | AN18: =100-($AM$6-AM18) -> 99.93422 | AP18: 123.01571 | AQ18: 6 | AR18: 99.49867 | AS18: =100-($AR$6-AR18) -> 100.05248
... A90: 200.01579 | B90: 42 | C90: 101.48242 | D90: =100-($C$6-C90) -> 101.35897 | G90: 225.00507 | H90: 42 | I90: 99.78869 | J90: =100-($I$6-I90) -> 101.37908 | M90: 225.02422 | N90: 42 | O90: 102.1828 | P90: =100-($O$6-O90) -> 101.39041 | S90: 250.00203 | T90: 42 | U90: 98.65183 | V90: =100-($U$6-U90) -> 101.97552 | Y90: 250.01657 | Z90: 42 | AA90: 103.89317 | AB90: =100-($AA$6-AA90) -> 102.28415 | AF90: 315.47069 | AG90: 42 | AH90: 99.62877 | AI90: =100-($AH$6-AH90) -> 101.50821 | AK90: 315.45351 | AL90: 42 | AM90: 99.46123 | AN90: =100-($AM$6-AM90) -> 101.42684 | AP90: 231.14818 | AQ90: 42 | AR90: 99.95966 | AS90: =100-($AR$6-AR90) -> 100.51347
A91: 200.01754 | B91: 42.5 | C91: 101.51676 | D91: =100-($C$6-C91) -> 101.39331 | G91: 225.00702 | H91: 42.5 | I91: 99.78687 | J91: =100-($I$6-I91) -> 101.37726 | M91: 225.02569 | N91: 42.5 | O91: 102.49988 | P91: =100-($O$6-O91) -> 101.70749 | S91: 250.00194 | T91: 42.5 | U91: 98.64151 | V91: =100-($U$6-U91) -> 101.9652 | Y91: 250.01592 | Z91: 42.5 | AA91: 103.95157 | AB91: =100-($AA$6-AA91) -> 102.34255 | AF91: 317.97193 | AG91: 42.5 | AH91: 99.63359 | AI91: =100-($AH$6-AH91) -> 101.51303 | AK91: 317.95434 | AL91: 42.5 | AM91: 99.48414 | AN91: =100-($AM$6-AM91) -> 101.44975 | AO91: =($AN$91-AN91)/($AN$91*(1-$H$1)) -> 0 | AP91: 232.65115 | AQ91: 42.5 | AR91: 99.9451 | AS91: =100-($AR$6-AR91) -> 100.49891
A92: 200.02102 | B92: 43 | C92: 101.66957 | D92: =100-($C$6-C92) -> 101.54612 | G92: 225.00509 | H92: 43 | I92: 99.78637 | J92: =100-($I$6-I92) -> 101.37676 | M92: 225.02696 | N92: 43 | O92: 102.30662 | P92: =100-($O$6-O92) -> 101.51423 | S92: 249.99795 | T92: 43 | U92: 98.65555 | V92: =100-($U$6-U92) -> 101.97924 | Y92: 250.01666 | Z92: 43 | AA92: 104.07345 | AB92: =100-($AA$6-AA92) -> 102.46443 | AF92: 320.4784 | AG92: 43 | AH92: 99.64409 | AI92: =100-($AH$6-AH92) -> 101.52353 | AJ92: =($AI$92-AI92)/($AI$92*(1-$H$1)) -> 0 | AK92: 320.46221 | AL92: 43 | AM92: 99.46973 | AN92: =100-($AM$6-AM92) -> 101.43534 | AO92: =($AN$91-AN92)/($AN$91*(1-$H$1)) -> 0.00014368786 | AP92: 234.15153 | AQ92: 43 | AR92: 99.94438 | AS92: =100-($AR$6-AR92) -> 100.49819
A93: 200.02259 | B93: 43.5 | C93: 101.43861 | D93: =100-($C$6-C93) -> 101.31516 | G93: 225.00981 | H93: 43.5 | I93: 99.77475 | J93: =100-($I$6-I93) -> 101.36514 | M93: 225.02618 | N93: 43.5 | O93: 102.32484 | P93: =100-($O$6-O93) -> 101.53245 | S93: 250.00401 | T93: 43.5 | U93: 98.67209 | V93: =100-($U$6-U93) -> 101.99578 | Y93: 250.01789 | Z93: 43.5 | AA93: 103.93195 | AB93: =100-($AA$6-AA93) -> 102.32293 | AF93: 322.98014 | AG93: 43.5 | AH93: 99.63441 | AI93: =100-($AH$6-AH93) -> 101.51385 | AJ93: =($AI$92-AI93)/($AI$92*(1-$H$1)) -> 9.6452995e-05 | AK93: 322.96329 | AL93: 43.5 | AM93: 99.45938 | AN93: =100-($AM$6-AM93) -> 101.42499 | AO93: =($AN$91-AN93)/($AN$91*(1-$H$1)) -> 0.00024689184 | AP93: 235.65987 | AQ93: 43.5 | AR93: 99.99164 | AS93: =100-($AR$6-AR93) -> 100.54545
A94: 200.02314 | B94: 44 | C94: 101.6023 | D94: =100-($C$6-C94) -> 101.47885 | G94: 225.00683 | H94: 44 | I94: 99.76402 | J94: =100-($I$6-I94) -> 101.35441 | M94: 225.02276 | N94: 44 | O94: 102.41093 | P94: =100-($O$6-O94) -> 101.61854 | S94: 250.00202 | T94: 44 | U94: 98.67051 | V94: =100-($U$6-U94) -> 101.9942 | Y94: 250.01848 | Z94: 44 | AA94: 103.97476 | AB94: =100-($AA$6-AA94) -> 102.36574 | AF94: 325.48282 | AG94: 44 | AH94: 99.59808 | AI94: =100-($AH$6-AH94) -> 101.47752 | AJ94: =($AI$92-AI94)/($AI$92*(1-$H$1)) -> 0.00045845065 | AK94: 325.46141 | AL94: 44 | AM94: 99.40997 | AN94: =100-($AM$6-AM94) -> 101.37558 | AO94: =($AN$91-AN94)/($AN$91*(1-$H$1)) -> 0.00073957866 | AP94: 237.16144 | AQ94: 44 | AR94: 99.98871 | AS94: =100-($AR$6-AR94) -> 100.54252
A95: 200.02517 | B95: 44.5 | C95: 101.7028 | D95: =100-($C$6-C95) -> 101.57935 | G95: 225.00697 | H95: 44.5 | I95: 99.75815 | J95: =100-($I$6-I95) -> 101.34854 | M95: 225.01912 | N95: 44.5 | O95: 102.36982 | P95: =100-($O$6-O95) -> 101.57743 | S95: 250.00186 | T95: 44.5 | U95: 98.6826 | V95: =100-($U$6-U95) -> 102.00629 | Y95: 250.01923 | Z95: 44.5 | AA95: 104.04837 | AB95: =100-($AA$6-AA95) -> 102.43935 | AF95: 327.98201 | AG95: 44.5 | AH95: 99.56891 | AI95: =100-($AH$6-AH95) -> 101.44835 | AJ95: =($AI$92-AI95)/($AI$92*(1-$H$1)) -> 0.00074910498 | AK95: 327.96589 | AL95: 44.5 | AM95: 99.4206 | AN95: =100-($AM$6-AM95) -> 101.38621 | AO95: =($AN$91-AN95)/($AN$91*(1-$H$1)) -> 0.00063358269 | AP95: 238.66151 | AQ95: 44.5 | AR95: 100.01257 | AS95: =100-($AR$6-AR95) -> 100.56638
A96: 200.02086 | B96: 45 | C96: 101.4997 | D96: =100-($C$6-C96) -> 101.37625 | G96: 225.00694 | H96: 45 | I96: 99.80047 | J96: =100-($I$6-I96) -> 101.39086 | M96: 225.01554 | N96: 45 | O96: 102.33289 | P96: =100-($O$6-O96) -> 101.5405 | S96: 250.00802 | T96: 45 | U96: 98.68477 | V96: =100-($U$6-U96) -> 102.00846 | Y96: 250.01785 | Z96: 45 | AA96: 104.00306 | AB96: =100-($AA$6-AA96) -> 102.39404 | AF96: 330.47978 | AG96: 45 | AH96: 99.51863 | AI96: =100-($AH$6-AH96) -> 101.39807 | AJ96: =($AI$92-AI96)/($AI$92*(1-$H$1)) -> 0.0012501026 | AK96: 330.47139 | AL96: 45 | AM96: 99.36421 | AN96: =100-($AM$6-AM96) -> 101.32982 | AO96: =($AN$91-AN96)/($AN$91*(1-$H$1)) -> 0.0011958699 | AP96: 240.16082 | AQ96: 45 | AR96: 100.04135 | AS96: =100-($AR$6-AR96) -> 100.59516
A97: 200.02044 | B97: 45.5 | C97: 101.57693 | D97: =100-($C$6-C97) -> 101.45348 | G97: 225.00701 | H97: 45.5 | I97: 99.79603 | J97: =100-($I$6-I97) -> 101.38642 | M97: 225.01363 | N97: 45.5 | O97: 102.38586 | P97: =100-($O$6-O97) -> 101.59347 | S97: 250.00599 | T97: 45.5 | U97: 98.68039 | V97: =100-($U$6-U97) -> 102.00408 | Y97: 250.01642 | Z97: 45.5 | AA97: 104.08364 | AB97: =100-($AA$6-AA97) -> 102.47462 | AF97: 332.98234 | AG97: 45.5 | AH97: 99.43182 | AI97: =100-($AH$6-AH97) -> 101.31126 | AJ97: =($AI$92-AI97)/($AI$92*(1-$H$1)) -> 0.0021150906 | AK97: 332.97777 | AL97: 45.5 | AM97: 99.26938 | AN97: =100-($AM$6-AM97) -> 101.23499 | AO97: =($AN$91-AN97)/($AN$91*(1-$H$1)) -> 0.0021414576 | AP97: 241.66421 | AQ97: 45.5 | AR97: 100.07955 | AS97: =100-($AR$6-AR97) -> 100.63336
A98: 200.02009 | B98: 46 | C98: 101.58514 | D98: =100-($C$6-C98) -> 101.46169 | G98: 225.00599 | H98: 46 | I98: 99.77714 | J98: =100-($I$6-I98) -> 101.36753 | M98: 225.01421 | N98: 46 | O98: 102.4558 | P98: =100-($O$6-O98) -> 101.66341 | S98: 250.00591 | T98: 46 | U98: 98.6951 | V98: =100-($U$6-U98) -> 102.01879 | Y98: 250.0154 | Z98: 46 | AA98: 104.08272 | AB98: =100-($AA$6-AA98) -> 102.4737 | AF98: 335.49177 | AG98: 46 | AH98: 99.34995 | AI98: =100-($AH$6-AH98) -> 101.22939 | AJ98: =($AI$92-AI98)/($AI$92*(1-$H$1)) -> 0.0029308558 | AK98: 335.47639 | AL98: 46 | AM98: 99.13569 | AN98: =100-($AM$6-AM98) -> 101.1013 | AO98: =($AN$91-AN98)/($AN$91*(1-$H$1)) -> 0.0034745339 | AP98: 243.16653 | AQ98: 46 | AR98: 100.11693 | AS98: =100-($AR$6-AR98) -> 100.67074
A99: 200.01938 | B99: 46.5 | C99: 101.61024 | D99: =100-($C$6-C99) -> 101.48679 | G99: 225.00303 | H99: 46.5 | I99: 99.78822 | J99: =100-($I$6-I99) -> 101.37861 | M99: 225.01897 | N99: 46.5 | O99: 102.44424 | P99: =100-($O$6-O99) -> 101.65185 | S99: 250.00696 | T99: 46.5 | U99: 98.69702 | V99: =100-($U$6-U99) -> 102.02071 | Y99: 250.01538 | Z99: 46.5 | AA99: 104.04119 | AB99: =100-($AA$6-AA99) -> 102.43217 | AF99: 337.997 | AG99: 46.5 | AH99: 99.24186 | AI99: =100-($AH$6-AH99) -> 101.1213 | AJ99: =($AI$92-AI99)/($AI$92*(1-$H$1)) -> 0.004007881 | AK99: 337.97925 | AL99: 46.5 | AM99: 99.05887 | AN99: =100-($AM$6-AM99) -> 101.02448 | AO99: =($AN$91-AN99)/($AN$91*(1-$H$1)) -> 0.0042405368 | AP99: 244.67141 | AQ99: 46.5 | AR99: 100.14187 | AS99: =100-($AR$6-AR99) -> 100.69568
A100: 200.01844 | B100: 47 | C100: 101.63429 | D100: =100-($C$6-C100) -> 101.51084 | G100: 225.00313 | H100: 47 | I100: 99.84114 | J100: =100-($I$6-I100) -> 101.43153 | M100: 225.01613 | N100: 47 | O100: 102.36319 | P100: =100-($O$6-O100) -> 101.5708 | S100: 250.00499 | T100: 47 | U100: 98.68881 | V100: =100-($U$6-U100) -> 102.0125 | Y100: 250.01698 | Z100: 47 | AA100: 104.07061 | AB100: =100-($AA$6-AA100) -> 102.46159 | AF100: 340.49585 | AG100: 47 | AH100: 99.09486 | AI100: =100-($AH$6-AH100) -> 100.9743 | AJ100: =($AI$92-AI100)/($AI$92*(1-$H$1)) -> 0.0054726114 | AK100: 340.48436 | AL100: 47 | AM100: 98.93134 | AN100: =100-($AM$6-AM100) -> 100.89695 | AO100: =($AN$91-AN100)/($AN$91*(1-$H$1)) -> 0.0055121893 | AP100: 246.17007 | AQ100: 47 | AR100: 100.16513 | AS100: =100-($AR$6-AR100) -> 100.71894
A101: 200.01412 | B101: 47.5 | C101: 101.54503 | D101: =100-($C$6-C101) -> 101.42158 | G101: 225.002 | H101: 47.5 | I101: 99.77009 | J101: =100-($I$6-I101) -> 101.36048 | M101: 225.01232 | N101: 47.5 | O101: 102.50788 | P101: =100-($O$6-O101) -> 101.71549 | S101: 250.00399 | T101: 47.5 | U101: 98.69085 | V101: =100-($U$6-U101) -> 102.01454 | Y101: 250.01746 | Z101: 47.5 | AA101: 104.10917 | AB101: =100-($AA$6-AA101) -> 102.50015 | AF101: 342.99282 | AG101: 47.5 | AH101: 98.97124 | AI101: =100-($AH$6-AH101) -> 100.85068 | AJ101: =($AI$92-AI101)/($AI$92*(1-$H$1)) -> 0.0067043799 | AK101: 342.98758 | AL101: 47.5 | AM101: 98.80623 | AN101: =100-($AM$6-AM101) -> 100.77184 | AO101: =($AN$91-AN101)/($AN$91*(1-$H$1)) -> 0.006759711 | AP101: 247.67681 | AQ101: 47.5 | AR101: 100.20916 | AS101: =100-($AR$6-AR101) -> 100.76297
A102: 200.01099 | B102: 48 | C102: 101.6431 | D102: =100-($C$6-C102) -> 101.51965 | G102: 225.00505 | H102: 48 | I102: 99.79264 | J102: =100-($I$6-I102) -> 101.38303 | M102: 225.01511 | N102: 48 | O102: 102.53419 | P102: =100-($O$6-O102) -> 101.7418 | S102: 250.001 | T102: 48 | U102: 98.70982 | V102: =100-($U$6-U102) -> 102.03351 | Y102: 250.01673 | Z102: 48 | AA102: 104.1092 | AB102: =100-($AA$6-AA102) -> 102.50018 | AF102: 345.49983 | AG102: 48 | AH102: 98.83254 | AI102: =100-($AH$6-AH102) -> 100.71198 | AJ102: =($AI$92-AI102)/($AI$92*(1-$H$1)) -> 0.0080864079 | AK102: 345.48678 | AL102: 48 | AM102: 98.61669 | AN102: =100-($AM$6-AM102) -> 100.5823 | AO102: =($AN$91-AN102)/($AN$91*(1-$H$1)) -> 0.00864969 | AP102: 249.17225 | AQ102: 48 | AR102: 100.19993 | AS102: =100-($AR$6-AR102) -> 100.75374
A103: 200.0147 | B103: 48.5 | C103: 101.53925 | D103: =100-($C$6-C103) -> 101.4158 | G103: 225.00792 | H103: 48.5 | I103: 99.8075 | J103: =100-($I$6-I103) -> 101.39789 | M103: 225.0161 | N103: 48.5 | O103: 102.49792 | P103: =100-($O$6-O103) -> 101.70553 | S103: 249.99891 | T103: 48.5 | U103: 98.72791 | V103: =100-($U$6-U103) -> 102.0516 | Y103: 250.02078 | Z103: 48.5 | AA103: 104.09397 | AB103: =100-($AA$6-AA103) -> 102.48495 | AF103: 347.99626 | AG103: 48.5 | AH103: 98.58187 | AI103: =100-($AH$6-AH103) -> 100.46131 | AJ103: =($AI$92-AI103)/($AI$92*(1-$H$1)) -> 0.010584122 | AK103: 347.9808 | AL103: 48.5 | AM103: 98.41744 | AN103: =100-($AM$6-AM103) -> 100.38305 | AO103: =($AN$91-AN103)/($AN$91*(1-$H$1)) -> 0.010636491 | AP103: 250.67621 | AQ103: 48.5 | AR103: 100.23408 | AS103: =100-($AR$6-AR103) -> 100.78789
... A117: 200.02244 | B117: 55.5 | C117: 101.65928 | D117: =100-($C$6-C117) -> 101.53583 | G117: 225.0071 | H117: 55.5 | I117: 99.82189 | J117: =100-($I$6-I117) -> 101.41228 | M117: 225.01883 | N117: 55.5 | O117: 102.51648 | P117: =100-($O$6-O117) -> 101.72409 | S117: 250.00505 | T117: 55.5 | U117: 98.74698 | V117: =100-($U$6-U117) -> 102.07067 | Y117: 250.00374 | Z117: 55.5 | AA117: 104.28005 | AB117: =100-($AA$6-AA117) -> 102.67103 | AF117: 383.01102 | AG117: 55.5 | AH117: 92.46446 | AI117: =100-($AH$6-AH117) -> 94.3439 | AJ117: =($AI$92-AI117)/($AI$92*(1-$H$1)) -> 0.071538927 | AK117: 383.00076 | AL117: 55.5 | AM117: 92.27222 | AN117: =100-($AM$6-AM117) -> 94.23783 | AO117: =($AN$91-AN117)/($AN$91*(1-$H$1)) -> 0.071912931 | AP117: 271.70525 | AQ117: 55.5 | AR117: 100.6401 | AS117: =100-($AR$6-AR117) -> 101.19391
A118: 200.02278 | B118: 56 | C118: 101.63135 | D118: =100-($C$6-C118) -> 101.5079 | G118: 225.00887 | H118: 56 | I118: 99.85692 | J118: =100-($I$6-I118) -> 101.44731 | K118: =($J$118-J118)/($J$118*(1-$H$1)) -> 0 | M118: 225.02059 | N118: 56 | O118: 102.5792 | P118: =100-($O$6-O118) -> 101.78681 | S118: 250.00597 | T118: 56 | U118: 98.75918 | V118: =100-($U$6-U118) -> 102.08287 | Y118: 250.00402 | Z118: 56 | AA118: 104.32007 | AB118: =100-($AA$6-AA118) -> 102.71105 | AF118: 385.52148 | AG118: 56 | AH118: 91.73469 | AI118: =100-($AH$6-AH118) -> 93.61413 | AJ118: =($AI$92-AI118)/($AI$92*(1-$H$1)) -> 0.078810467 | AK118: 385.50767 | AL118: 56 | AM118: 91.50172 | AN118: =100-($AM$6-AM118) -> 93.46733 | AO118: =($AN$91-AN118)/($AN$91*(1-$H$1)) -> 0.079595894 | AP118: 273.20834 | AQ118: 56 | AR118: 100.67487 | AS118: =100-($AR$6-AR118) -> 101.22868
A119: 200.02162 | B119: 56.5 | C119: 101.6998 | D119: =100-($C$6-C119) -> 101.57635 | G119: 225.0039 | H119: 56.5 | I119: 99.82197 | J119: =100-($I$6-I119) -> 101.41236 | K119: =($J$118-J119)/($J$118*(1-$H$1)) -> 0.00034850877 | M119: 225.01918 | N119: 56.5 | O119: 102.41105 | P119: =100-($O$6-O119) -> 101.61866 | S119: 250.00399 | T119: 56.5 | U119: 98.73629 | V119: =100-($U$6-U119) -> 102.05998 | Y119: 250.00516 | Z119: 56.5 | AA119: 104.26215 | AB119: =100-($AA$6-AA119) -> 102.65313 | AF119: 388.02434 | AG119: 56.5 | AH119: 91.02958 | AI119: =100-($AH$6-AH119) -> 92.90902 | AJ119: =($AI$92-AI119)/($AI$92*(1-$H$1)) -> 0.08583629 | AK119: 388.0148 | AL119: 56.5 | AM119: 90.78595 | AN119: =100-($AM$6-AM119) -> 92.75156 | AO119: =($AN$91-AN119)/($AN$91*(1-$H$1)) -> 0.086733122 | AP119: 274.70902 | AQ119: 56.5 | AR119: 100.74435 | AS119: =100-($AR$6-AR119) -> 101.29816
A120: 200.02051 | B120: 57 | C120: 101.60923 | D120: =100-($C$6-C120) -> 101.48578 | G120: 225.00689 | H120: 57 | I120: 99.81809 | J120: =100-($I$6-I120) -> 101.40848 | K120: =($J$118-J120)/($J$118*(1-$H$1)) -> 0.00038719873 | M120: 225.01523 | N120: 57 | O120: 102.73719 | P120: =100-($O$6-O120) -> 101.9448 | S120: 250.00599 | T120: 57 | U120: 98.7426 | V120: =100-($U$6-U120) -> 102.06629 | Y120: 250.00515 | Z120: 57 | AA120: 104.29185 | AB120: =100-($AA$6-AA120) -> 102.68283 | AF120: 390.52635 | AG120: 57 | AH120: 90.16307 | AI120: =100-($AH$6-AH120) -> 92.04251 | AJ120: =($AI$92-AI120)/($AI$92*(1-$H$1)) -> 0.094470328 | AK120: 390.51459 | AL120: 57 | AM120: 89.95378 | AN120: =100-($AM$6-AM120) -> 91.91939 | AO120: =($AN$91-AN120)/($AN$91*(1-$H$1)) -> 0.095031021 | AP120: 276.21025 | AQ120: 57 | AR120: 100.72923 | AS120: =100-($AR$6-AR120) -> 101.28304
A121: 200.02062 | B121: 57.5 | C121: 101.79063 | D121: =100-($C$6-C121) -> 101.66718 | G121: 225.00592 | H121: 57.5 | I121: 99.8147 | J121: =100-($I$6-I121) -> 101.40509 | K121: =($J$118-J121)/($J$118*(1-$H$1)) -> 0.00042100259 | M121: 225.01493 | N121: 57.5 | O121: 102.74016 | P121: =100-($O$6-O121) -> 101.94777 | S121: 250.00596 | T121: 57.5 | U121: 98.75297 | V121: =100-($U$6-U121) -> 102.07666 | Y121: 250.00517 | Z121: 57.5 | AA121: 104.33712 | AB121: =100-($AA$6-AA121) -> 102.7281 | AF121: 393.03384 | AG121: 57.5 | AH121: 89.28685 | AI121: =100-($AH$6-AH121) -> 91.16629 | AJ121: =($AI$92-AI121)/($AI$92*(1-$H$1)) -> 0.10320112 | AK121: 393.02166 | AL121: 57.5 | AM121: 89.09997 | AN121: =100-($AM$6-AM121) -> 91.06558 | AO121: =($AN$91-AN121)/($AN$91*(1-$H$1)) -> 0.1035447 | AP121: 277.7037 | AQ121: 57.5 | AR121: 100.78412 | AS121: =100-($AR$6-AR121) -> 101.33793
A122: 200.02137 | B122: 58 | C122: 101.72233 | D122: =100-($C$6-C122) -> 101.59888 | G122: 225.00606 | H122: 58 | I122: 99.808 | J122: =100-($I$6-I122) -> 101.39839 | K122: =($J$118-J122)/($J$118*(1-$H$1)) -> 0.00048781257 | M122: 225.01523 | N122: 58 | O122: 102.601 | P122: =100-($O$6-O122) -> 101.80861 | S122: 250.00896 | T122: 58 | U122: 98.75709 | V122: =100-($U$6-U122) -> 102.08078 | Y122: 250.00291 | Z122: 58 | AA122: 104.29145 | AB122: =100-($AA$6-AA122) -> 102.68243 | AF122: 395.53923 | AG122: 58 | AH122: 88.40887 | AI122: =100-($AH$6-AH122) -> 90.28831 | AJ122: =($AI$92-AI122)/($AI$92*(1-$H$1)) -> 0.11194944 | AK122: 395.52313 | AL122: 58 | AM122: 88.14209 | AN122: =100-($AM$6-AM122) -> 90.1077 | AO122: =($AN$91-AN122)/($AN$91*(1-$H$1)) -> 0.1130961 | AP122: 279.20805 | AQ122: 58 | AR122: 100.84868 | AS122: =100-($AR$6-AR122) -> 101.40249
A123: 200.02007 | B123: 58.5 | C123: 101.82328 | D123: =100-($C$6-C123) -> 101.69983 | G123: 225.00717 | H123: 58.5 | I123: 99.81131 | J123: =100-($I$6-I123) -> 101.4017 | K123: =($J$118-J123)/($J$118*(1-$H$1)) -> 0.00045480644 | M123: 225.01559 | N123: 58.5 | O123: 102.61275 | P123: =100-($O$6-O123) -> 101.82036 | S123: 250.00701 | T123: 58.5 | U123: 98.73648 | V123: =100-($U$6-U123) -> 102.06017 | Y123: 250.00712 | Z123: 58.5 | AA123: 104.27039 | AB123: =100-($AA$6-AA123) -> 102.66137 | AF123: 398.04415 | AG123: 58.5 | AH123: 87.43208 | AI123: =100-($AH$6-AH123) -> 89.31152 | AJ123: =($AI$92-AI123)/($AI$92*(1-$H$1)) -> 0.12168233 | AK123: 398.02965 | AL123: 58.5 | AM123: 87.15647 | AN123: =100-($AM$6-AM123) -> 89.12208 | AO123: =($AN$91-AN123)/($AN$91*(1-$H$1)) -> 0.12292411 | AP123: 280.70931 | AQ123: 58.5 | AR123: 100.86704 | AS123: =100-($AR$6-AR123) -> 101.42085
A124: 200.01592 | B124: 59 | C124: 101.69516 | D124: =100-($C$6-C124) -> 101.57171 | G124: 225.0112 | H124: 59 | I124: 99.80481 | J124: =100-($I$6-I124) -> 101.3952 | K124: =($J$118-J124)/($J$118*(1-$H$1)) -> 0.00051962209 | M124: 225.0147 | N124: 59 | O124: 102.70699 | P124: =100-($O$6-O124) -> 101.9146 | S124: 250.00607 | T124: 59 | U124: 98.75675 | V124: =100-($U$6-U124) -> 102.08044 | Y124: 250.0103 | Z124: 59 | AA124: 104.3636 | AB124: =100-($AA$6-AA124) -> 102.75458 | AF124: 400.55063 | AG124: 59 | AH124: 86.41339 | AI124: =100-($AH$6-AH124) -> 88.29283 | AJ124: =($AI$92-AI124)/($AI$92*(1-$H$1)) -> 0.13183271 | AK124: 400.53847 | AL124: 59 | AM124: 86.17982 | AN124: =100-($AM$6-AM124) -> 88.14543 | AO124: =($AN$91-AN124)/($AN$91*(1-$H$1)) -> 0.13266268 | AP124: 282.21471 | AQ124: 59 | AR124: 100.97391 | AS124: =100-($AR$6-AR124) -> 101.52772
A125: 200.01837 | B125: 59.5 | C125: 101.81863 | D125: =100-($C$6-C125) -> 101.69518 | G125: 225.009 | H125: 59.5 | I125: 99.79293 | J125: =100-($I$6-I125) -> 101.38332 | K125: =($J$118-J125)/($J$118*(1-$H$1)) -> 0.00063808516 | M125: 225.01387 | N125: 59.5 | O125: 102.63574 | P125: =100-($O$6-O125) -> 101.84335 | S125: 250.00694 | T125: 59.5 | U125: 98.7568 | V125: =100-($U$6-U125) -> 102.08049 | Y125: 250.01453 | Z125: 59.5 | AA125: 104.35786 | AB125: =100-($AA$6-AA125) -> 102.74884 | AF125: 403.05569 | AG125: 59.5 | AH125: 85.31365 | AI125: =100-($AH$6-AH125) -> 87.19309 | AJ125: =($AI$92-AI125)/($AI$92*(1-$H$1)) -> 0.14279069 | AK125: 403.0421 | AL125: 59.5 | AM125: 85.06502 | AN125: =100-($AM$6-AM125) -> 87.03063 | AO125: =($AN$91-AN125)/($AN$91*(1-$H$1)) -> 0.1437788 | AP125: 283.71048 | AQ125: 59.5 | AR125: 100.92645 | AS125: =100-($AR$6-AR125) -> 101.48026
A126: 200.01888 | B126: 60 | C126: 101.74386 | D126: =100-($C$6-C126) -> 101.62041 | G126: 225.00805 | H126: 60 | I126: 99.7984 | J126: =100-($I$6-I126) -> 101.38879 | K126: =($J$118-J126)/($J$118*(1-$H$1)) -> 0.0005835403 | M126: 225.01374 | N126: 60 | O126: 102.76607 | P126: =100-($O$6-O126) -> 101.97368 | S126: 250.00808 | T126: 60 | U126: 98.74457 | V126: =100-($U$6-U126) -> 102.06826 | Y126: 250.0143 | Z126: 60 | AA126: 104.34773 | AB126: =100-($AA$6-AA126) -> 102.73871 | AF126: 405.56494 | AG126: 60 | AH126: 84.20639 | AI126: =100-($AH$6-AH126) -> 86.08583 | AJ126: =($AI$92-AI126)/($AI$92*(1-$H$1)) -> 0.1538236 | AK126: 405.5529 | AL126: 60 | AM126: 83.91925 | AN126: =100-($AM$6-AM126) -> 85.88486 | AO126: =($AN$91-AN126)/($AN$91*(1-$H$1)) -> 0.15520373 | AP126: 285.22087 | AQ126: 60 | AR126: 101.03464 | AS126: =100-($AR$6-AR126) -> 101.58845
A127: 200.02133 | B127: 60.5 | C127: 101.77605 | D127: =100-($C$6-C127) -> 101.6526 | G127: 225.00294 | H127: 60.5 | I127: 99.81575 | J127: =100-($I$6-I127) -> 101.40614 | K127: =($J$118-J127)/($J$118*(1-$H$1)) -> 0.00041053237 | M127: 225.01233 | N127: 60.5 | O127: 102.55794 | P127: =100-($O$6-O127) -> 101.76555 | S127: 250.00309 | T127: 60.5 | U127: 98.76328 | V127: =100-($U$6-U127) -> 102.08697 | Y127: 250.01286 | Z127: 60.5 | AA127: 104.38223 | AB127: =100-($AA$6-AA127) -> 102.77321 | AF127: 408.07298 | AG127: 60.5 | AH127: 82.93651 | AI127: =100-($AH$6-AH127) -> 84.81595 | AJ127: =($AI$92-AI127)/($AI$92*(1-$H$1)) -> 0.16647687 | AK127: 408.05972 | AL127: 60.5 | AM127: 82.64087 | AN127: =100-($AM$6-AM127) -> 84.60648 | AO127: =($AN$91-AN127)/($AN$91*(1-$H$1)) -> 0.16795096 | AP127: 286.71535 | AQ127: 60.5 | AR127: 101.01619 | AS127: =100-($AR$6-AR127) -> 101.57
A128: 200.01918 | B128: 61 | C128: 101.76337 | D128: =100-($C$6-C128) -> 101.63992 | G128: 225.00295 | H128: 61 | I128: 99.78853 | J128: =100-($I$6-I128) -> 101.37892 | K128: =($J$118-J128)/($J$118*(1-$H$1)) -> 0.00068196037 | M128: 225.01275 | N128: 61 | O128: 102.7195 | P128: =100-($O$6-O128) -> 101.92711 | S128: 250.00314 | T128: 61 | U128: 98.76326 | V128: =100-($U$6-U128) -> 102.08695 | Y128: 250.01343 | Z128: 61 | AA128: 104.37271 | AB128: =100-($AA$6-AA128) -> 102.76369 | AF128: 410.57818 | AG128: 61 | AH128: 81.67284 | AI128: =100-($AH$6-AH128) -> 83.55228 | AJ128: =($AI$92-AI128)/($AI$92*(1-$H$1)) -> 0.17906827 | AK128: 410.56179 | AL128: 61 | AM128: 81.34721 | AN128: =100-($AM$6-AM128) -> 83.31282 | AO128: =($AN$91-AN128)/($AN$91*(1-$H$1)) -> 0.18085056 | AP128: 288.21946 | AQ128: 61 | AR128: 101.03621 | AS128: =100-($AR$6-AR128) -> 101.59002
A129: 200.00994 | B129: 61.5 | C129: 101.83489 | D129: =100-($C$6-C129) -> 101.71144 | G129: 225.00996 | H129: 61.5 | I129: 99.81145 | J129: =100-($I$6-I129) -> 101.40184 | K129: =($J$118-J129)/($J$118*(1-$H$1)) -> 0.00045341041 | M129: 225.01087 | N129: 61.5 | O129: 102.62987 | P129: =100-($O$6-O129) -> 101.83748 | S129: 250.00302 | T129: 61.5 | U129: 98.7551 | V129: =100-($U$6-U129) -> 102.07879 | Y129: 250.01461 | Z129: 61.5 | AA129: 104.34904 | AB129: =100-($AA$6-AA129) -> 102.74002 | AF129: 413.0821 | AG129: 61.5 | AH129: 80.35889 | AI129: =100-($AH$6-AH129) -> 82.23833 | AJ129: =($AI$92-AI129)/($AI$92*(1-$H$1)) -> 0.19216067 | AK129: 413.06783 | AL129: 61.5 | AM129: 79.99289 | AN129: =100-($AM$6-AM129) -> 81.9585 | AO129: =($AN$91-AN129)/($AN$91*(1-$H$1)) -> 0.19435503 | AP129: 289.7256 | AQ129: 61.5 | AR129: 101.0798 | AS129: =100-($AR$6-AR129) -> 101.63361
... A198: 200.01974 | B198: 96 | C198: 102.07459 | D198: =100-($C$6-C198) -> 101.95114 | G198: 225.00492 | H198: 96 | I198: 99.60002 | J198: =100-($I$6-I198) -> 101.19041 | K198: =($J$118-J198)/($J$118*(1-$H$1)) -> 0.002561714 | M198: 225.01447 | N198: 96 | O198: 103.0811 | P198: =100-($O$6-O198) -> 102.28871 | S198: 250.00303 | T198: 96 | U198: 98.7884 | V198: =100-($U$6-U198) -> 102.11209 | Y198: 250.01168 | Z198: 96 | AA198: 104.84605 | AB198: =100-($AA$6-AA198) -> 103.23703 | AF198: 585.57237 | AG198: 96 | AH198: -3.52241 | AI198: =100-($AH$6-AH198) -> -1.64297 | AJ198: =($AI$92-AI198)/($AI$92*(1-$H$1)) -> 1.0279667 | AK198: 585.57531 | AL198: 96 | AM198: -4.51888 | AN198: =100-($AM$6-AM198) -> -2.55327 | AO198: =($AN$91-AN198)/($AN$91*(1-$H$1)) -> 1.0370556 | AP198: 393.28983 | AQ198: 96 | AR198: 85.95738 | AS198: =100-($AR$6-AR198) -> 86.51119
A199: 200.01542 | B199: 96.5 | C199: 102.0392 | D199: =100-($C$6-C199) -> 101.91575 | G199: 225.00604 | H199: 96.5 | I199: 99.62339 | J199: =100-($I$6-I199) -> 101.21378 | K199: =($J$118-J199)/($J$118*(1-$H$1)) -> 0.0023286768 | M199: 225.01482 | N199: 96.5 | O199: 103.13253 | P199: =100-($O$6-O199) -> 102.34014 | S199: 250.00103 | T199: 96.5 | U199: 98.81272 | V199: =100-($U$6-U199) -> 102.13641 | W199: =($V$199-V199)/($V$199*(1-$H$1)) -> 0 | Y199: 250.0108 | Z199: 96.5 | AA199: 104.88477 | AB199: =100-($AA$6-AA199) -> 103.27575 | AF199: 588.07637 | AG199: 96.5 | AH199: -3.51123 | AI199: =100-($AH$6-AH199) -> -1.63179 | AJ199: =($AI$92-AI199)/($AI$92*(1-$H$1)) -> 1.0278553 | AK199: 588.06966 | AL199: 96.5 | AM199: -4.52886 | AN199: =100-($AM$6-AM199) -> -2.56325 | AO199: =($AN$91-AN199)/($AN$91*(1-$H$1)) -> 1.0371551 | AP199: 394.79364 | AQ199: 96.5 | AR199: 85.22981 | AS199: =100-($AR$6-AR199) -> 85.78362
A200: 200.01902 | B200: 97 | C200: 102.15869 | D200: =100-($C$6-C200) -> 102.03524 | G200: 225.009 | H200: 97 | I200: 99.62082 | J200: =100-($I$6-I200) -> 101.21121 | K200: =($J$118-J200)/($J$118*(1-$H$1)) -> 0.0023543039 | M200: 225.01294 | N200: 97 | O200: 102.89443 | P200: =100-($O$6-O200) -> 102.10204 | S200: 250.003 | T200: 97 | U200: 98.80217 | V200: =100-($U$6-U200) -> 102.12586 | W200: =($V$199-V200)/($V$199*(1-$H$1)) -> 0.00010449101 | Y200: 250.01078 | Z200: 97 | AA200: 104.88273 | AB200: =100-($AA$6-AA200) -> 103.27371 | AF200: 590.57845 | AG200: 97 | AH200: -3.52084 | AI200: =100-($AH$6-AH200) -> -1.6414 | AJ200: =($AI$92-AI200)/($AI$92*(1-$H$1)) -> 1.0279511 | AK200: 590.56463 | AL200: 97 | AM200: -4.51682 | AN200: =100-($AM$6-AM200) -> -2.55121 | AO200: =($AN$91-AN200)/($AN$91*(1-$H$1)) -> 1.0370351 | AP200: 396.29574 | AQ200: 97 | AR200: 84.44156 | AS200: =100-($AR$6-AR200) -> 84.99537
A201: 200.01402 | B201: 97.5 | C201: 101.98352 | D201: =100-($C$6-C201) -> 101.86007 | G201: 225.00516 | H201: 97.5 | I201: 99.58402 | J201: =100-($I$6-I201) -> 101.17441 | K201: =($J$118-J201)/($J$118*(1-$H$1)) -> 0.0027212602 | M201: 225.0136 | N201: 97.5 | O201: 103.11562 | P201: =100-($O$6-O201) -> 102.32323 | S201: 250.00395 | T201: 97.5 | U201: 98.79823 | V201: =100-($U$6-U201) -> 102.12192 | W201: =($V$199-V201)/($V$199*(1-$H$1)) -> 0.0001435142 | Y201: 250.01464 | Z201: 97.5 | AA201: 104.84318 | AB201: =100-($AA$6-AA201) -> 103.23416 | AF201: 593.07541 | AG201: 97.5 | AH201: -3.5224 | AI201: =100-($AH$6-AH201) -> -1.64296 | AJ201: =($AI$92-AI201)/($AI$92*(1-$H$1)) -> 1.0279666 | AK201: 593.07135 | AL201: 97.5 | AM201: -4.50835 | AN201: =100-($AM$6-AM201) -> -2.54274 | AO201: =($AN$91-AN201)/($AN$91*(1-$H$1)) -> 1.0369506 | AP201: 397.79879 | AQ201: 97.5 | AR201: 83.58622 | AS201: =100-($AR$6-AR201) -> 84.14003
A202: 200.01531 | B202: 98 | C202: 102.10942 | D202: =100-($C$6-C202) -> 101.98597 | G202: 225.00398 | H202: 98 | I202: 99.59808 | J202: =100-($I$6-I202) -> 101.18847 | K202: =($J$118-J202)/($J$118*(1-$H$1)) -> 0.002581059 | M202: 225.01276 | N202: 98 | O202: 103.12293 | P202: =100-($O$6-O202) -> 102.33054 | S202: 250.00103 | T202: 98 | U202: 98.79841 | V202: =100-($U$6-U202) -> 102.1221 | W202: =($V$199-V202)/($V$199*(1-$H$1)) -> 0.00014173141 | Y202: 250.01338 | Z202: 98 | AA202: 104.87503 | AB202: =100-($AA$6-AA202) -> 103.26601 | AF202: 595.58284 | AG202: 98 | AH202: -3.54319 | AI202: =100-($AH$6-AH202) -> -1.66375 | AJ202: =($AI$92-AI202)/($AI$92*(1-$H$1)) -> 1.0281738 | AK202: 595.57269 | AL202: 98 | AM202: -4.58701 | AN202: =100-($AM$6-AM202) -> -2.6214 | AO202: =($AN$91-AN202)/($AN$91*(1-$H$1)) -> 1.0377349 | AP202: 399.28606 | AQ202: 98 | AR202: 82.54712 | AS202: =100-($AR$6-AR202) -> 83.10093
A203: 200.0172 | B203: 98.5 | C203: 102.09307 | D203: =100-($C$6-C203) -> 101.96962 | G203: 225.00486 | H203: 98.5 | I203: 99.60248 | J203: =100-($I$6-I203) -> 101.19287 | K203: =($J$118-J203)/($J$118*(1-$H$1)) -> 0.0025371838 | M203: 225.01081 | N203: 98.5 | O203: 103.00889 | P203: =100-($O$6-O203) -> 102.2165 | S203: 250.00403 | T203: 98.5 | U203: 98.79412 | V203: =100-($U$6-U203) -> 102.11781 | W203: =($V$199-V203)/($V$199*(1-$H$1)) -> 0.00018422112 | Y203: 250.01119 | Z203: 98.5 | AA203: 104.84249 | AB203: =100-($AA$6-AA203) -> 103.23347 | AF203: 598.07846 | AG203: 98.5 | AH203: -3.56864 | AI203: =100-($AH$6-AH203) -> -1.6892 | AJ203: =($AI$92-AI203)/($AI$92*(1-$H$1)) -> 1.0284274 | AK203: 598.07146 | AL203: 98.5 | AM203: -4.53986 | AN203: =100-($AM$6-AM203) -> -2.57425 | AO203: =($AN$91-AN203)/($AN$91*(1-$H$1)) -> 1.0372648 | AP203: 400.7997 | AQ203: 98.5 | AR203: 82.0961 | AS203: =100-($AR$6-AR203) -> 82.64991
A204: 200.01877 | B204: 99 | C204: 101.96832 | D204: =100-($C$6-C204) -> 101.84487 | G204: 225.00406 | H204: 99 | I204: 99.58522 | J204: =100-($I$6-I204) -> 101.17561 | K204: =($J$118-J204)/($J$118*(1-$H$1)) -> 0.0027092942 | M204: 225.01215 | N204: 99 | O204: 103.0949 | P204: =100-($O$6-O204) -> 102.30251 | S204: 250.00505 | T204: 99 | U204: 98.79649 | V204: =100-($U$6-U204) -> 102.12018 | W204: =($V$199-V204)/($V$199*(1-$H$1)) -> 0.00016074779 | Y204: 250.0117 | Z204: 99 | AA204: 104.93028 | AB204: =100-($AA$6-AA204) -> 103.32126 | AF204: 600.57915 | AG204: 99 | AH204: -3.5979 | AI204: =100-($AH$6-AH204) -> -1.71846 | AJ204: =($AI$92-AI204)/($AI$92*(1-$H$1)) -> 1.0287189 | AK204: 600.57937 | AL204: 99 | AM204: -4.60421 | AN204: =100-($AM$6-AM204) -> -2.6386 | AO204: =($AN$91-AN204)/($AN$91*(1-$H$1)) -> 1.0379065 | AP204: 402.29197 | AQ204: 99 | AR204: 81.10763 | AS204: =100-($AR$6-AR204) -> 81.66144
A205: 200.02198 | B205: 99.5 | C205: 102.06185 | D205: =100-($C$6-C205) -> 101.9384 | G205: 225.00702 | H205: 99.5 | I205: 99.59841 | J205: =100-($I$6-I205) -> 101.1888 | K205: =($J$118-J205)/($J$118*(1-$H$1)) -> 0.0025777683 | M205: 225.01651 | N205: 99.5 | O205: 103.02182 | P205: =100-($O$6-O205) -> 102.22943 | S205: 250.00598 | T205: 99.5 | U205: 98.80233 | V205: =100-($U$6-U205) -> 102.12602 | W205: =($V$199-V205)/($V$199*(1-$H$1)) -> 0.00010290632 | Y205: 250.01533 | Z205: 99.5 | AA205: 104.90279 | AB205: =100-($AA$6-AA205) -> 103.29377 | AF205: 603.08392 | AG205: 99.5 | AH205: -3.58189 | AI205: =100-($AH$6-AH205) -> -1.70245 | AJ205: =($AI$92-AI205)/($AI$92*(1-$H$1)) -> 1.0285594 | AK205: 603.08602 | AL205: 99.5 | AM205: -4.56739 | AN205: =100-($AM$6-AM205) -> -2.60178 | AO205: =($AN$91-AN205)/($AN$91*(1-$H$1)) -> 1.0375393 | AP205: 403.79118 | AQ205: 99.5 | AR205: 80.10515 | AS205: =100-($AR$6-AR205) -> 80.65896
A206: 200.02289 | B206: 100 | C206: 101.91176 | D206: =100-($C$6-C206) -> 101.78831 | G206: 225.00806 | H206: 100 | I206: 99.58929 | J206: =100-($I$6-I206) -> 101.17968 | K206: =($J$118-J206)/($J$118*(1-$H$1)) -> 0.0026687097 | M206: 225.01903 | N206: 100 | O206: 103.03273 | P206: =100-($O$6-O206) -> 102.24034 | S206: 250.00607 | T206: 100 | U206: 98.77358 | V206: =100-($U$6-U206) -> 102.09727 | W206: =($V$199-V206)/($V$199*(1-$H$1)) -> 0.00038765671 | Y206: 250.01833 | Z206: 100 | AA206: 104.78125 | AB206: =100-($AA$6-AA206) -> 103.17223 | AF206: 605.58597 | AG206: 100 | AH206: -3.60081 | AI206: =100-($AH$6-AH206) -> -1.72137 | AJ206: =($AI$92-AI206)/($AI$92*(1-$H$1)) -> 1.0287479 | AK206: 605.58529 | AL206: 100 | AM206: -4.62192 | AN206: =100-($AM$6-AM206) -> -2.65631 | AO206: =($AN$91-AN206)/($AN$91*(1-$H$1)) -> 1.0380831 | AP206: 405.30301 | AQ206: 100 | AR206: 79.32615 | AS206: =100-($AR$6-AR206) -> 79.87996
A207: 200.02343 | B207: 100.5 | C207: 102.04131 | D207: =100-($C$6-C207) -> 101.91786 | G207: 225.00778 | H207: 100.5 | I207: 99.62634 | J207: =100-($I$6-I207) -> 101.21673 | K207: =($J$118-J207)/($J$118*(1-$H$1)) -> 0.0022992605 | M207: 225.02495 | N207: 100.5 | O207: 103.04728 | P207: =100-($O$6-O207) -> 102.25489 | S207: 250.00694 | T207: 100.5 | U207: 98.78405 | V207: =100-($U$6-U207) -> 102.10774 | W207: =($V$199-V207)/($V$199*(1-$H$1)) -> 0.00028395804 | Y207: 250.02275 | Z207: 100.5 | AA207: 104.96322 | AB207: =100-($AA$6-AA207) -> 103.3542 | AF207: 608.09161 | AG207: 100.5 | AH207: -3.62038 | AI207: =100-($AH$6-AH207) -> -1.74094 | AJ207: =($AI$92-AI207)/($AI$92*(1-$H$1)) -> 1.0289429 | AK207: 608.09233 | AL207: 100.5 | AM207: -4.62002 | AN207: =100-($AM$6-AM207) -> -2.65441 | AO207: =($AN$91-AN207)/($AN$91*(1-$H$1)) -> 1.0380641 | AP207: 406.79694 | AQ207: 100.5 | AR207: 78.23661 | AS207: =100-($AR$6-AR207) -> 78.79042
A208: 200.0227 | B208: 101 | C208: 101.98969 | D208: =100-($C$6-C208) -> 101.86624 | G208: 225.00901 | H208: 101 | I208: 99.5952 | J208: =100-($I$6-I208) -> 101.18559 | K208: =($J$118-J208)/($J$118*(1-$H$1)) -> 0.0026097773 | M208: 225.02805 | N208: 101 | O208: 103.11835 | P208: =100-($O$6-O208) -> 102.32596 | S208: 250.00297 | T208: 101 | U208: 98.77525 | V208: =100-($U$6-U208) -> 102.09894 | W208: =($V$199-V208)/($V$199*(1-$H$1)) -> 0.00037111642 | Y208: 250.02425 | Z208: 101 | AA208: 104.84395 | AB208: =100-($AA$6-AA208) -> 103.23493 | AF208: 610.59476 | AG208: 101 | AH208: -3.64818 | AI208: =100-($AH$6-AH208) -> -1.76874 | AJ208: =($AI$92-AI208)/($AI$92*(1-$H$1)) -> 1.0292199 | AK208: 610.58947 | AL208: 101 | AM208: -4.68423 | AN208: =100-($AM$6-AM208) -> -2.71862 | AO208: =($AN$91-AN208)/($AN$91*(1-$H$1)) -> 1.0387044 | AP208: 408.30669 | AQ208: 101 | AR208: 77.41087 | AS208: =100-($AR$6-AR208) -> 77.96468
A209: 200.02418 | B209: 101.5 | C209: 101.94518 | D209: =100-($C$6-C209) -> 101.82173 | G209: 225.01101 | H209: 101.5 | I209: 99.59308 | J209: =100-($I$6-I209) -> 101.18347 | K209: =($J$118-J209)/($J$118*(1-$H$1)) -> 0.0026309172 | M209: 225.02691 | N209: 101.5 | O209: 103.08352 | P209: =100-($O$6-O209) -> 102.29113 | S209: 250.0019 | T209: 101.5 | U209: 98.77771 | V209: =100-($U$6-U209) -> 102.1014 | W209: =($V$199-V209)/($V$199*(1-$H$1)) -> 0.0003467517 | Y209: 250.02586 | Z209: 101.5 | AA209: 104.88037 | AB209: =100-($AA$6-AA209) -> 103.27135 | AF209: 613.10192 | AG209: 101.5 | AH209: -3.70404 | AI209: =100-($AH$6-AH209) -> -1.8246 | AJ209: =($AI$92-AI209)/($AI$92*(1-$H$1)) -> 1.0297765 | AK209: 613.09221 | AL209: 101.5 | AM209: -4.66221 | AN209: =100-($AM$6-AM209) -> -2.6966 | AO209: =($AN$91-AN209)/($AN$91*(1-$H$1)) -> 1.0384848 | AP209: 409.80967 | AQ209: 101.5 | AR209: 76.37757 | AS209: =100-($AR$6-AR209) -> 76.93138
A210: 200.02541 | B210: 102 | C210: 102.13296 | D210: =100-($C$6-C210) -> 102.00951 | G210: 225.00995 | H210: 102 | I210: 99.58536 | J210: =100-($I$6-I210) -> 101.17575 | K210: =($J$118-J210)/($J$118*(1-$H$1)) -> 0.0027078982 | M210: 225.02676 | N210: 102 | O210: 103.14565 | P210: =100-($O$6-O210) -> 102.35326 | S210: 250.00311 | T210: 102 | U210: 98.78594 | V210: =100-($U$6-U210) -> 102.10963 | W210: =($V$199-V210)/($V$199*(1-$H$1)) -> 0.0002652388 | Y210: 250.02321 | Z210: 102 | AA210: 104.95738 | AB210: =100-($AA$6-AA210) -> 103.34836 | AF210: 615.60021 | AG210: 102 | AH210: -3.65818 | AI210: =100-($AH$6-AH210) -> -1.77874 | AJ210: =($AI$92-AI210)/($AI$92*(1-$H$1)) -> 1.0293196 | AK210: 615.60096 | AL210: 102 | AM210: -4.68379 | AN210: =100-($AM$6-AM210) -> -2.71818 | AO210: =($AN$91-AN210)/($AN$91*(1-$H$1)) -> 1.0387 | AP210: 411.30694 | AQ210: 102 | AR210: 75.23856 | AS210: =100-($AR$6-AR210) -> 75.79237
... A283: 200.01049 | B283: 138.5 | C283: 102.3904 | D283: =100-($C$6-C283) -> 102.26695 | G283: 225.01003 | H283: 138.5 | I283: 99.45041 | J283: =100-($I$6-I283) -> 101.0408 | K283: =($J$118-J283)/($J$118*(1-$H$1)) -> 0.0040535709 | M283: 225.01954 | N283: 138.5 | O283: 103.38419 | P283: =100-($O$6-O283) -> 102.5918 | S283: 250.00706 | T283: 138.5 | U283: 98.66776 | V283: =100-($U$6-U283) -> 101.99145 | W283: =($V$199-V283)/($V$199*(1-$H$1)) -> 0.0014357362 | Y283: 250.01337 | Z283: 138.5 | AA283: 105.16771 | AB283: =100-($AA$6-AA283) -> 103.55869 | AF283: 798.23708 | AG283: 138.5 | AH283: -4.13332 | AI283: =100-($AH$6-AH283) -> -2.25388 | AJ283: =($AI$92-AI283)/($AI$92*(1-$H$1)) -> 1.0340539 | AK283: 798.22951 | AL283: 138.5 | AM283: -5.25982 | AN283: =100-($AM$6-AM283) -> -3.29421 | AO283: =($AN$91-AN283)/($AN$91*(1-$H$1)) -> 1.0444438 | AP283: 520.81469 | AQ283: 138.5 | AR283: -0.86071 | AS283: =100-($AR$6-AR283) -> -0.3069
A284: 200.00844 | B284: 139 | C284: 102.19797 | D284: =100-($C$6-C284) -> 102.07452 | G284: 225.00512 | H284: 139 | I284: 99.43528 | J284: =100-($I$6-I284) -> 101.02567 | K284: =($J$118-J284)/($J$118*(1-$H$1)) -> 0.0042044417 | M284: 225.01747 | N284: 139 | O284: 103.3819 | P284: =100-($O$6-O284) -> 102.58951 | S284: 250.00591 | T284: 139 | U284: 98.64559 | V284: =100-($U$6-U284) -> 101.96928 | W284: =($V$199-V284)/($V$199*(1-$H$1)) -> 0.0016553159 | Y284: 250.01384 | Z284: 139 | AA284: 105.18663 | AB284: =100-($AA$6-AA284) -> 103.57761 | AP284: 522.31042 | AQ284: 139 | AR284: -0.90381 | AS284: =100-($AR$6-AR284) -> -0.35
A285: 200.01133 | B285: 139.5 | C285: 102.16033 | D285: =100-($C$6-C285) -> 102.03688 | G285: 225.00772 | H285: 139.5 | I285: 99.44467 | J285: =100-($I$6-I285) -> 101.03506 | K285: =($J$118-J285)/($J$118*(1-$H$1)) -> 0.0041108081 | M285: 225.01689 | N285: 139.5 | O285: 103.45847 | P285: =100-($O$6-O285) -> 102.66608 | S285: 250.00303 | T285: 139.5 | U285: 98.67444 | V285: =100-($U$6-U285) -> 101.99813 | W285: =($V$199-V285)/($V$199*(1-$H$1)) -> 0.0013695751 | Y285: 250.01121 | Z285: 139.5 | AA285: 105.1557 | AB285: =100-($AA$6-AA285) -> 103.54668 | AP285: 523.81144 | AQ285: 139.5 | AR285: -0.92859 | AS285: =100-($AR$6-AR285) -> -0.37478
A286: 200.01046 | B286: 140 | C286: 102.35235 | D286: =100-($C$6-C286) -> 102.2289 | G286: 225.0048 | H286: 140 | I286: 99.45988 | J286: =100-($I$6-I286) -> 101.05027 | K286: =($J$118-J286)/($J$118*(1-$H$1)) -> 0.0039591394 | M286: 225.01747 | N286: 140 | O286: 103.57554 | P286: =100-($O$6-O286) -> 102.78315 | S286: 250.00607 | T286: 140 | U286: 98.67035 | V286: =100-($U$6-U286) -> 101.99404 | W286: =($V$199-V286)/($V$199*(1-$H$1)) -> 0.0014100839 | Y286: 250.01102 | Z286: 140 | AA286: 105.22195 | AB286: =100-($AA$6-AA286) -> 103.61293 | AP286: 525.30789 | AQ286: 140 | AR286: -1.00115 | AS286: =100-($AR$6-AR286) -> -0.44734
A287: 200.01227 | B287: 140.5 | C287: 102.10908 | D287: =100-($C$6-C287) -> 101.98563 | G287: 225.00373 | H287: 140.5 | I287: 99.44063 | J287: =100-($I$6-I287) -> 101.03102 | K287: =($J$118-J287)/($J$118*(1-$H$1)) -> 0.0041510935 | M287: 225.01628 | N287: 140.5 | O287: 103.29808 | P287: =100-($O$6-O287) -> 102.50569 | S287: 250.00806 | T287: 140.5 | U287: 98.65552 | V287: =100-($U$6-U287) -> 101.97921 | W287: =($V$199-V287)/($V$199*(1-$H$1)) -> 0.0015569656 | Y287: 250.01342 | Z287: 140.5 | AA287: 105.23738 | AB287: =100-($AA$6-AA287) -> 103.62836 | AP287: 526.81928 | AQ287: 140.5 | AR287: -0.93512 | AS287: =100-($AR$6-AR287) -> -0.38131
A288: 200.01367 | B288: 141 | C288: 102.22222 | D288: =100-($C$6-C288) -> 102.09877 | G288: 225.00706 | H288: 141 | I288: 99.46792 | J288: =100-($I$6-I288) -> 101.05831 | K288: =($J$118-J288)/($J$118*(1-$H$1)) -> 0.0038789675 | M288: 225.01641 | N288: 141 | O288: 103.42874 | P288: =100-($O$6-O288) -> 102.63635 | S288: 250.00608 | T288: 141 | U288: 98.66879 | V288: =100-($U$6-U288) -> 101.99248 | W288: =($V$199-V288)/($V$199*(1-$H$1)) -> 0.0014255347 | Y288: 250.01477 | Z288: 141 | AA288: 105.24378 | AB288: =100-($AA$6-AA288) -> 103.63476 | AP288: 528.3189 | AQ288: 141 | AR288: -0.96545 | AS288: =100-($AR$6-AR288) -> -0.41164
A289: 200.01241 | B289: 141.5 | C289: 102.21304 | D289: =100-($C$6-C289) -> 102.08959 | G289: 225.01005 | H289: 141.5 | I289: 99.47129 | J289: =100-($I$6-I289) -> 101.06168 | K289: =($J$118-J289)/($J$118*(1-$H$1)) -> 0.003845363 | M289: 225.01634 | N289: 141.5 | O289: 103.54994 | P289: =100-($O$6-O289) -> 102.75755 | S289: 250.00296 | T289: 141.5 | U289: 98.66558 | V289: =100-($U$6-U289) -> 101.98927 | W289: =($V$199-V289)/($V$199*(1-$H$1)) -> 0.0014573277 | Y289: 250.01276 | Z289: 141.5 | AA289: 105.25297 | AB289: =100-($AA$6-AA289) -> 103.64395 | AP289: 529.8188 | AQ289: 141.5 | AR289: -0.94809 | AS289: =100-($AR$6-AR289) -> -0.39428
A290: 200.01379 | B290: 142 | C290: 102.30505 | D290: =100-($C$6-C290) -> 102.1816 | G290: 225.00765 | H290: 142 | I290: 99.45832 | J290: =100-($I$6-I290) -> 101.04871 | K290: =($J$118-J290)/($J$118*(1-$H$1)) -> 0.0039746952 | M290: 225.01381 | N290: 142 | O290: 103.48739 | P290: =100-($O$6-O290) -> 102.695 | S290: 249.99996 | T290: 142 | U290: 98.66562 | V290: =100-($U$6-U290) -> 101.98931 | W290: =($V$199-V290)/($V$199*(1-$H$1)) -> 0.0014569316 | Y290: 250.01332 | Z290: 142 | AA290: 105.1904 | AB290: =100-($AA$6-AA290) -> 103.58138 | AP290: 531.32331 | AQ290: 142 | AR290: -0.90816 | AS290: =100-($AR$6-AR290) -> -0.35435
A291: 200.0172 | B291: 142.5 | C291: 102.38025 | D291: =100-($C$6-C291) -> 102.2568 | G291: 225.00888 | H291: 142.5 | I291: 99.42901 | J291: =100-($I$6-I291) -> 101.0194 | K291: =($J$118-J291)/($J$118*(1-$H$1)) -> 0.0042669639 | M291: 225.01385 | N291: 142.5 | O291: 103.34525 | P291: =100-($O$6-O291) -> 102.55286 | S291: 250.00806 | T291: 142.5 | U291: 98.67049 | V291: =100-($U$6-U291) -> 101.99418 | W291: =($V$199-V291)/($V$199*(1-$H$1)) -> 0.0014086973 | Y291: 250.01096 | Z291: 142.5 | AA291: 105.26547 | AB291: =100-($AA$6-AA291) -> 103.65645 | AP291: 532.82671 | AQ291: 142.5 | AR291: -0.86033 | AS291: =100-($AR$6-AR291) -> -0.30652
A292: 200.01596 | B292: 143 | C292: 102.2436 | D292: =100-($C$6-C292) -> 102.12015 | G292: 225.00788 | H292: 143 | I292: 99.49163 | J292: =100-($I$6-I292) -> 101.08202 | K292: =($J$118-J292)/($J$118*(1-$H$1)) -> 0.0036425399 | M292: 225.01661 | N292: 143 | O292: 103.43165 | P292: =100-($O$6-O292) -> 102.63926 | S292: 250.01096 | T292: 143 | U292: 98.65215 | V292: =100-($U$6-U292) -> 101.97584 | W292: =($V$199-V292)/($V$199*(1-$H$1)) -> 0.0015903433 | Y292: 250.0101 | Z292: 143 | AA292: 105.26362 | AB292: =100-($AA$6-AA292) -> 103.6546 | AP292: 534.32573 | AQ292: 143 | AR292: -0.92026 | AS292: =100-($AR$6-AR292) -> -0.36645
A293: 200.01635 | B293: 143.5 | C293: 102.44259 | D293: =100-($C$6-C293) -> 102.31914 | G293: 225.00367 | H293: 143.5 | I293: 99.44384 | J293: =100-($I$6-I293) -> 101.03423 | K293: =($J$118-J293)/($J$118*(1-$H$1)) -> 0.0041190845 | M293: 225.01651 | N293: 143.5 | O293: 103.45326 | P293: =100-($O$6-O293) -> 102.66087 | S293: 250.00303 | T293: 143.5 | U293: 98.65388 | V293: =100-($U$6-U293) -> 101.97757 | W293: =($V$199-V293)/($V$199*(1-$H$1)) -> 0.0015732088 | Y293: 250.0129 | Z293: 143.5 | AA293: 105.37171 | AB293: =100-($AA$6-AA293) -> 103.76269 | AP293: 535.82218 | AQ293: 143.5 | AR293: -1.02709 | AS293: =100-($AR$6-AR293) -> -0.47328
A294: 200.01642 | B294: 144 | C294: 102.2181 | D294: =100-($C$6-C294) -> 102.09465 | G294: 225.00712 | H294: 144 | I294: 99.43515 | J294: =100-($I$6-I294) -> 101.02554 | K294: =($J$118-J294)/($J$118*(1-$H$1)) -> 0.0042057381 | M294: 225.0145 | N294: 144 | O294: 103.50421 | P294: =100-($O$6-O294) -> 102.71182 | S294: 250.00396 | T294: 144 | U294: 98.6702 | V294: =100-($U$6-U294) -> 101.99389 | W294: =($V$199-V294)/($V$199*(1-$H$1)) -> 0.0014115696 | Y294: 250.01535 | Z294: 144 | AA294: 105.28606 | AB294: =100-($AA$6-AA294) -> 103.67704 | AP294: 537.32589 | AQ294: 144 | AR294: -0.98619 | AS294: =100-($AR$6-AR294) -> -0.43238
A295: 200.01584 | B295: 144.5 | C295: 102.46539 | D295: =100-($C$6-C295) -> 102.34194 | G295: 225.00694 | H295: 144.5 | I295: 99.44563 | J295: =100-($I$6-I295) -> 101.03602 | K295: =($J$118-J295)/($J$118*(1-$H$1)) -> 0.0041012353 | M295: 225.01265 | N295: 144.5 | O295: 103.41392 | P295: =100-($O$6-O295) -> 102.62153 | S295: 249.99899 | T295: 144.5 | U295: 98.65588 | V295: =100-($U$6-U295) -> 101.97957 | W295: =($V$199-V295)/($V$199*(1-$H$1)) -> 0.0015534001 | Y295: 250.01351 | Z295: 144.5 | AA295: 105.34734 | AB295: =100-($AA$6-AA295) -> 103.73832 | AP295: 538.82716 | AQ295: 144.5 | AR295: -0.93568 | AS295: =100-($AR$6-AR295) -> -0.38187
... A335: 200.01785 | B335: 164.5 | C335: 102.46297 | D335: =100-($C$6-C335) -> 102.33952 | G335: 225.00499 | H335: 164.5 | I335: 99.44698 | J335: =100-($I$6-I335) -> 101.03737 | K335: =($J$118-J335)/($J$118*(1-$H$1)) -> 0.0040877736 | M335: 225.01412 | N335: 164.5 | O335: 103.6407 | P335: =100-($O$6-O335) -> 102.84831 | S335: 250.00701 | T335: 164.5 | U335: 98.56094 | V335: =100-($U$6-U335) -> 101.88463 | W335: =($V$199-V335)/($V$199*(1-$H$1)) -> 0.0024937201 | Y335: 250.01947 | Z335: 164.5 | AA335: 105.40768 | AB335: =100-($AA$6-AA335) -> 103.79866 | AP335: 598.86809 | AQ335: 164.5 | AR335: -1.0616 | AS335: =100-($AR$6-AR335) -> -0.50779
A336: 200.01837 | B336: 165 | C336: 102.50407 | D336: =100-($C$6-C336) -> 102.38062 | G336: 225.00494 | H336: 165 | I336: 99.46157 | J336: =100-($I$6-I336) -> 101.05196 | K336: =($J$118-J336)/($J$118*(1-$H$1)) -> 0.0039422874 | M336: 225.01608 | N336: 165 | O336: 103.43955 | P336: =100-($O$6-O336) -> 102.64716 | S336: 250.00396 | T336: 165 | U336: 98.5549 | V336: =100-($U$6-U336) -> 101.87859 | W336: =($V$199-V336)/($V$199*(1-$H$1)) -> 0.0025535425 | Y336: 250.02271 | Z336: 165 | AA336: 105.41168 | AB336: =100-($AA$6-AA336) -> 103.80266
A337: 200.01577 | B337: 165.5 | C337: 102.42212 | D337: =100-($C$6-C337) -> 102.29867 | G337: 225.00778 | H337: 165.5 | I337: 99.48744 | J337: =100-($I$6-I337) -> 101.07783 | K337: =($J$118-J337)/($J$118*(1-$H$1)) -> 0.0036843211 | M337: 225.01806 | N337: 165.5 | O337: 103.65485 | P337: =100-($O$6-O337) -> 102.86246 | S337: 250.00087 | T337: 165.5 | U337: 98.53825 | V337: =100-($U$6-U337) -> 101.86194 | W337: =($V$199-V337)/($V$199*(1-$H$1)) -> 0.0027184501 | Y337: 250.02126 | Z337: 165.5 | AA337: 105.32991 | AB337: =100-($AA$6-AA337) -> 103.72089
A338: 200.01159 | B338: 166 | C338: 102.42047 | D338: =100-($C$6-C338) -> 102.29702 | G338: 225.00683 | H338: 166 | I338: 99.46175 | J338: =100-($I$6-I338) -> 101.05214 | K338: =($J$118-J338)/($J$118*(1-$H$1)) -> 0.0039404925 | M338: 225.01895 | N338: 166 | O338: 103.47678 | P338: =100-($O$6-O338) -> 102.68439 | S338: 250.00199 | T338: 166 | U338: 98.5445 | V338: =100-($U$6-U338) -> 101.86819 | W338: =($V$199-V338)/($V$199*(1-$H$1)) -> 0.0026565478 | Y338: 250.02013 | Z338: 166 | AA338: 105.33609 | AB338: =100-($AA$6-AA338) -> 103.72707
A339: 200.01319 | B339: 166.5 | C339: 102.4842 | D339: =100-($C$6-C339) -> 102.36075 | G339: 225.00389 | H339: 166.5 | I339: 99.45828 | J339: =100-($I$6-I339) -> 101.04867 | K339: =($J$118-J339)/($J$118*(1-$H$1)) -> 0.0039750941 | M339: 225.01502 | N339: 166.5 | O339: 103.47629 | P339: =100-($O$6-O339) -> 102.6839 | S339: 250.002 | T339: 166.5 | U339: 98.53817 | V339: =100-($U$6-U339) -> 101.86186 | W339: =($V$199-V339)/($V$199*(1-$H$1)) -> 0.0027192424 | Y339: 250.01857 | Z339: 166.5 | AA339: 105.39108 | AB339: =100-($AA$6-AA339) -> 103.78206
A340: 200.01478 | B340: 167 | C340: 102.4651 | D340: =100-($C$6-C340) -> 102.34165 | G340: 225.003 | H340: 167 | I340: 99.4703 | J340: =100-($I$6-I340) -> 101.06069 | K340: =($J$118-J340)/($J$118*(1-$H$1)) -> 0.003855235 | M340: 225.01478 | N340: 167 | O340: 103.55465 | P340: =100-($O$6-O340) -> 102.76226 | S340: 250.00596 | T340: 167 | U340: 98.54011 | V340: =100-($U$6-U340) -> 101.8638 | W340: =($V$199-V340)/($V$199*(1-$H$1)) -> 0.002700028 | Y340: 250.01531 | Z340: 167 | AA340: 105.29796 | AB340: =100-($AA$6-AA340) -> 103.68894
A341: 200.01608 | B341: 167.5 | C341: 102.36146 | D341: =100-($C$6-C341) -> 102.23801 | G341: 225.00494 | H341: 167.5 | I341: 99.47124 | J341: =100-($I$6-I341) -> 101.06163 | K341: =($J$118-J341)/($J$118*(1-$H$1)) -> 0.0038458616 | M341: 225.01476 | N341: 167.5 | O341: 103.5072 | P341: =100-($O$6-O341) -> 102.71481 | S341: 250.00799 | T341: 167.5 | U341: 98.54016 | V341: =100-($U$6-U341) -> 101.86385 | W341: =($V$199-V341)/($V$199*(1-$H$1)) -> 0.0026995328 | Y341: 250.01207 | Z341: 167.5 | AA341: 105.43694 | AB341: =100-($AA$6-AA341) -> 103.82792
A342: 200.01432 | B342: 168 | C342: 102.47856 | D342: =100-($C$6-C342) -> 102.35511 | G342: 225.00495 | H342: 168 | I342: 99.48558 | J342: =100-($I$6-I342) -> 101.07597 | K342: =($J$118-J342)/($J$118*(1-$H$1)) -> 0.0037028683 | M342: 225.01402 | N342: 168 | O342: 103.6406 | P342: =100-($O$6-O342) -> 102.84821 | S342: 250.00497 | T342: 168 | U342: 98.54636 | V342: =100-($U$6-U342) -> 101.87005 | W342: =($V$199-V342)/($V$199*(1-$H$1)) -> 0.0026381257 | Y342: 250.01259 | Z342: 168 | AA342: 105.32904 | AB342: =100-($AA$6-AA342) -> 103.72002
A343: 200.01256 | B343: 168.5 | C343: 102.4639 | D343: =100-($C$6-C343) -> 102.34045 | G343: 225.00595 | H343: 168.5 | I343: 99.48527 | J343: =100-($I$6-I343) -> 101.07566 | K343: =($J$118-J343)/($J$118*(1-$H$1)) -> 0.0037059595 | M343: 225.01554 | N343: 168.5 | O343: 103.59379 | P343: =100-($O$6-O343) -> 102.8014 | S343: 250.00897 | T343: 168.5 | U343: 98.55863 | V343: =100-($U$6-U343) -> 101.88232 | W343: =($V$199-V343)/($V$199*(1-$H$1)) -> 0.0025165992 | Y343: 250.01213 | Z343: 168.5 | AA343: 105.37661 | AB343: =100-($AA$6-AA343) -> 103.76759
A344: 200.01241 | B344: 169 | C344: 102.42569 | D344: =100-($C$6-C344) -> 102.30224 | G344: 224.99723 | H344: 169 | I344: 99.37048 | J344: =100-($I$6-I344) -> 100.96087 | K344: =($J$118-J344)/($J$118*(1-$H$1)) -> 0.0048506039 | M344: 225.01236 | N344: 169 | O344: 103.60879 | P344: =100-($O$6-O344) -> 102.8164 | S344: 250.00598 | T344: 169 | U344: 98.54606 | V344: =100-($U$6-U344) -> 101.86975 | W344: =($V$199-V344)/($V$199*(1-$H$1)) -> 0.002641097 | Y344: 250.01374 | Z344: 169 | AA344: 105.41424 | AB344: =100-($AA$6-AA344) -> 103.80522
A345: 200.01477 | B345: 169.5 | C345: 102.40441 | D345: =100-($C$6-C345) -> 102.28096 | G345: 225.00478 | H345: 169.5 | I345: 99.46049 | J345: =100-($I$6-I345) -> 101.05088 | K345: =($J$118-J345)/($J$118*(1-$H$1)) -> 0.0039530567 | M345: 225.01569 | N345: 169.5 | O345: 103.75579 | P345: =100-($O$6-O345) -> 102.9634 | S345: 250.00303 | T345: 169.5 | U345: 98.55041 | V345: =100-($U$6-U345) -> 101.8741 | W345: =($V$199-V345)/($V$199*(1-$H$1)) -> 0.0025980131 | Y345: 250.01503 | Z345: 169.5 | AA345: 105.51065 | AB345: =100-($AA$6-AA345) -> 103.90163
A346: 200.01397 | B346: 170 | C346: 102.50944 | D346: =100-($C$6-C346) -> 102.38599 | G346: 224.99982 | H346: 170 | I346: 99.46675 | J346: =100-($I$6-I346) -> 101.05714 | K346: =($J$118-J346)/($J$118*(1-$H$1)) -> 0.0038906343 | M346: 225.01815 | N346: 170 | O346: 103.73009 | P346: =100-($O$6-O346) -> 102.9377 | S346: 250.00598 | T346: 170 | U346: 98.53807 | V346: =100-($U$6-U346) -> 101.86176 | W346: =($V$199-V346)/($V$199*(1-$H$1)) -> 0.0027202329 | Y346: 250.01404 | Z346: 170 | AA346: 105.40121 | AB346: =100-($AA$6-AA346) -> 103.79219
A347: 200.01165 | B347: 170.5 | C347: 102.48262 | D347: =100-($C$6-C347) -> 102.35917 | G347: 225.0098 | H347: 170.5 | I347: 99.46111 | J347: =100-($I$6-I347) -> 101.0515 | K347: =($J$118-J347)/($J$118*(1-$H$1)) -> 0.0039468743 | M347: 225.0169 | N347: 170.5 | O347: 103.65138 | P347: =100-($O$6-O347) -> 102.85899 | S347: 250.00596 | T347: 170.5 | U347: 98.52408 | V347: =100-($U$6-U347) -> 101.84777 | W347: =($V$199-V347)/($V$199*(1-$H$1)) -> 0.0028587949 | Y347: 250.01443 | Z347: 170.5 | AA347: 105.40321 | AB347: =100-($AA$6-AA347) -> 103.79419
... A466: 200.02276 | B466: 230 | C466: 102.72787 | D466: =100-($C$6-C466) -> 102.60442 | G466: 225.00172 | H466: 230 | I466: 99.34909 | J466: =100-($I$6-I466) -> 100.93948 | K466: =($J$118-J466)/($J$118*(1-$H$1)) -> 0.0050638973 | M466: 225.01149 | N466: 230 | O466: 104.03023 | P466: =100-($O$6-O466) -> 103.23784 | S466: 250.00396 | T466: 230 | U466: 98.4163 | V466: =100-($U$6-U466) -> 101.73999 | W466: =($V$199-V466)/($V$199*(1-$H$1)) -> 0.003926287 | Y466: 250.01408 | Z466: 230 | AA466: 105.61981 | AB466: =100-($AA$6-AA466) -> 104.01079
A467: 200.02127 | B467: 230.5 | C467: 102.91568 | D467: =100-($C$6-C467) -> 102.79223 | E467: =($D$467-D467)/($D$467*(1-$H$1)) -> 0 | G467: 225.00584 | H467: 230.5 | I467: 99.38441 | J467: =100-($I$6-I467) -> 100.9748 | K467: =($J$118-J467)/($J$118*(1-$H$1)) -> 0.004711699 | M467: 225.00995 | N467: 230.5 | O467: 103.94595 | P467: =100-($O$6-O467) -> 103.15356 | S467: 250.00312 | T467: 230.5 | U467: 98.40158 | V467: =100-($U$6-U467) -> 101.72527 | W467: =($V$199-V467)/($V$199*(1-$H$1)) -> 0.0040720792 | Y467: 250.0175 | Z467: 230.5 | AA467: 105.5873 | AB467: =100-($AA$6-AA467) -> 103.97828
A468: 200.02098 | B468: 231 | C468: 102.87355 | D468: =100-($C$6-C468) -> 102.7501 | E468: =($D$467-D468)/($D$467*(1-$H$1)) -> 0.00041460854 | G468: 225.00707 | H468: 231 | I468: 99.36427 | J468: =100-($I$6-I468) -> 100.95466 | K468: =($J$118-J468)/($J$118*(1-$H$1)) -> 0.0049125278 | M468: 225.00835 | N468: 231 | O468: 104.03375 | P468: =100-($O$6-O468) -> 103.24136 | S468: 250.00401 | T468: 231 | U468: 98.40596 | V468: =100-($U$6-U468) -> 101.72965 | W468: =($V$199-V468)/($V$199*(1-$H$1)) -> 0.0040286981 | Y468: 250.02026 | Z468: 231 | AA468: 105.61223 | AB468: =100-($AA$6-AA468) -> 104.00321
