Workbook

Sheet All Data
C3: 200C Odin | I3: 225C Sif | O3: 225C Odin | U3: 250 Sif | AA3: 250 Odin
B5: Temp | C5: Time corrected | D5: mass% raw | E5: mass% corrected | F5: X_C | H5: Temp | I5: Time corrected | J5: mass% raw | K5: mass% corrected | L5: X_C | N5: Temp | O5: Time corrected | P5: mass% raw | Q5: mass% corrected | R5: X_C | T5: Temp | U5: Time corrected | V5: mass% raw | W5: mass% corrected | X5: X_C | Z5: Temp | AA5: Time corrected | AB5: mass% raw | AC5: mass% corrected | AD5: X_C
B6: 200.13754 | C6: 0 | D6: 99.2867 | E6: =100-($D$6-D6) -> 100 | H6: 225.0022 | I6: 0 | J6: 95.89242 | K6: =100-($J$6-J6) -> 100 | N6: 225.01424 | O6: 0 | P6: 99.86442 | Q6: =100-($P$6-P6) -> 100 | T6: 250.00404 | U6: 0 | V6: 95.8426 | W6: =100-($V$6-V6) -> 100 | Z6: 250.0306 | AA6: 0 | AB6: 100.07674 | AC6: =100-($AB$6-AB6) -> 100
B7: 202.32401 | C7: 0.5 | D7: 99.31842 | E7: =100-($D$6-D7) -> 100.03172 | H7: 225.19024 | I7: 0.5 | J7: 95.967 | K7: =100-($J$6-J7) -> 100.07458 | N7: 227.13638 | O7: 0.5 | P7: 99.88271 | Q7: =100-($P$6-P7) -> 100.01829 | T7: 250.3317 | U7: 0.5 | V7: 95.97793 | W7: =100-($V$6-V7) -> 100.13533 | Z7: 250.10088 | AA7: 0.5 | AB7: 100.2651 | AC7: =100-($AB$6-AB7) -> 100.18836
B8: 204.02187 | C8: 1 | D8: 99.32854 | E8: =100-($D$6-D8) -> 100.04184 | H8: 225.29404 | I8: 1 | J8: 96.08491 | K8: =100-($J$6-J8) -> 100.19249 | N8: 228.74259 | O8: 1 | P8: 100.04307 | Q8: =100-($P$6-P8) -> 100.17865 | T8: 250.50292 | U8: 1 | V8: 96.13007 | W8: =100-($V$6-V8) -> 100.28747 | Z8: 250.20709 | AA8: 1 | AB8: 100.48717 | AC8: =100-($AB$6-AB8) -> 100.41043
B9: 205.1072 | C9: 1.5 | D9: 99.48585 | E9: =100-($D$6-D9) -> 100.19915 | H9: 225.2497 | I9: 1.5 | J9: 96.12092 | K9: =100-($J$6-J9) -> 100.2285 | N9: 229.70961 | O9: 1.5 | P9: 100.01632 | Q9: =100-($P$6-P9) -> 100.1519 | T9: 250.40885 | U9: 1.5 | V9: 96.21449 | W9: =100-($V$6-V9) -> 100.37189 | Z9: 250.23091 | AA9: 1.5 | AB9: 100.63858 | AC9: =100-($AB$6-AB9) -> 100.56184
B10: 205.68174 | C10: 2 | D10: 99.38137 | E10: =100-($D$6-D10) -> 100.09467 | H10: 225.1747 | I10: 2 | J10: 96.17595 | K10: =100-($J$6-J10) -> 100.28353 | N10: 230.15885 | O10: 2 | P10: 100.07545 | Q10: =100-($P$6-P10) -> 100.21103 | T10: 250.26179 | U10: 2 | V10: 96.26242 | W10: =100-($V$6-V10) -> 100.41982 | Z10: 250.19853 | AA10: 2 | AB10: 100.62768 | AC10: =100-($AB$6-AB10) -> 100.55094
B11: 205.92954 | C11: 2.5 | D11: 99.40736 | E11: =100-($D$6-D11) -> 100.12066 | H11: 225.10865 | I11: 2.5 | J11: 96.19419 | K11: =100-($J$6-J11) -> 100.30177 | N11: 230.31051 | O11: 2.5 | P11: 100.15618 | Q11: =100-($P$6-P11) -> 100.29176 | T11: 250.14185 | U11: 2.5 | V11: 96.30456 | W11: =100-($V$6-V11) -> 100.46196 | Z11: 250.15042 | AA11: 2.5 | AB11: 100.78744 | AC11: =100-($AB$6-AB11) -> 100.7107
B12: 205.99668 | C12: 3 | D12: 99.52164 | E12: =100-($D$6-D12) -> 100.23494 | H12: 225.0498 | I12: 3 | J12: 96.19421 | K12: =100-($J$6-J12) -> 100.30179 | N12: 230.32631 | O12: 3 | P12: 100.24469 | Q12: =100-($P$6-P12) -> 100.38027 | T12: 250.05887 | U12: 3 | V12: 96.35068 | W12: =100-($V$6-V12) -> 100.50808 | Z12: 250.11347 | AA12: 3 | AB12: 100.6946 | AC12: =100-($AB$6-AB12) -> 100.61786
B13: 205.97029 | C13: 3.5 | D13: 99.5658 | E13: =100-($D$6-D13) -> 100.2791 | H13: 225.01489 | I13: 3.5 | J13: 96.23912 | K13: =100-($J$6-J13) -> 100.3467 | N13: 230.2874 | O13: 3.5 | P13: 100.23308 | Q13: =100-($P$6-P13) -> 100.36866 | T13: 249.99692 | U13: 3.5 | V13: 96.37281 | W13: =100-($V$6-V13) -> 100.53021 | Z13: 250.08651 | AA13: 3.5 | AB13: 100.85159 | AC13: =100-($AB$6-AB13) -> 100.77485
B14: 205.87992 | C14: 4 | D14: 99.52699 | E14: =100-($D$6-D14) -> 100.24029 | H14: 224.9908 | I14: 4 | J14: 96.25166 | K14: =100-($J$6-J14) -> 100.35924 | N14: 230.20675 | O14: 4 | P14: 100.22795 | Q14: =100-($P$6-P14) -> 100.36353 | T14: 249.95792 | U14: 4 | V14: 96.38665 | W14: =100-($V$6-V14) -> 100.54405 | Z14: 250.0679 | AA14: 4 | AB14: 100.84871 | AC14: =100-($AB$6-AB14) -> 100.77197
B15: 205.72739 | C15: 4.5 | D15: 99.49221 | E15: =100-($D$6-D15) -> 100.20551 | H15: 224.97685 | I15: 4.5 | J15: 96.24643 | K15: =100-($J$6-J15) -> 100.35401 | N15: 230.06839 | O15: 4.5 | P15: 100.39991 | Q15: =100-($P$6-P15) -> 100.53549 | T15: 249.94597 | U15: 4.5 | V15: 96.40255 | W15: =100-($V$6-V15) -> 100.55995 | Z15: 250.05477 | AA15: 4.5 | AB15: 100.79655 | AC15: =100-($AB$6-AB15) -> 100.71981
B16: 205.50274 | C16: 5 | D16: 99.55578 | E16: =100-($D$6-D16) -> 100.26908 | H16: 224.96697 | I16: 5 | J16: 96.25544 | K16: =100-($J$6-J16) -> 100.36302 | N16: 229.85206 | O16: 5 | P16: 100.21492 | Q16: =100-($P$6-P16) -> 100.3505 | T16: 249.94298 | U16: 5 | V16: 96.42681 | W16: =100-($V$6-V16) -> 100.58421 | Z16: 250.04676 | AA16: 5 | AB16: 100.89208 | AC16: =100-($AB$6-AB16) -> 100.81534
B17: 205.20155 | C17: 5.5 | D17: 99.59917 | E17: =100-($D$6-D17) -> 100.31247 | H17: 224.968 | I17: 5.5 | J17: 96.28191 | K17: =100-($J$6-J17) -> 100.38949 | N17: 229.57033 | O17: 5.5 | P17: 100.21313 | Q17: =100-($P$6-P17) -> 100.34871 | T17: 249.94199 | U17: 5.5 | V17: 96.43915 | W17: =100-($V$6-V17) -> 100.59655 | Z17: 250.03738 | AA17: 5.5 | AB17: 100.87633 | AC17: =100-($AB$6-AB17) -> 100.79959
... B485: 200.01536 | C485: 239.5 | D485: 100.16836 | E485: =100-($D$6-D485) -> 100.88166 | H485: 225.00789 | I485: 239.5 | J485: 93.39655 | K485: =100-($J$6-J485) -> 97.50413 | N485: 225.01836 | O485: 239.5 | P485: 100.29863 | Q485: =100-($P$6-P485) -> 100.43421 | T485: 250.004 | U485: 239.5 | V485: 90.52447 | W485: =100-($V$6-V485) -> 94.68187 | Z485: 250.01695 | AA485: 239.5 | AB485: 98.46326 | AC485: =100-($AB$6-AB485) -> 98.38652
T486: 249.99897 | U486: 240 | V486: 90.51644 | W486: =100-($V$6-V486) -> 94.67384 | Z486: 250.01919 | AA486: 240 | AB486: 98.57901 | AC486: =100-($AB$6-AB486) -> 98.50227
T487: 250.00899 | U487: 240.5 | V487: 90.52835 | W487: =100-($V$6-V487) -> 94.68575 | Z487: 250.015 | AA487: 240.5 | AB487: 98.5855 | AC487: =100-($AB$6-AB487) -> 98.50876
T488: 250.00904 | U488: 241 | V488: 90.51645 | W488: =100-($V$6-V488) -> 94.67385 | Z488: 250.01156 | AA488: 241 | AB488: 98.45214 | AC488: =100-($AB$6-AB488) -> 98.3754
T489: 250.00602 | U489: 241.5 | V489: 90.48622 | W489: =100-($V$6-V489) -> 94.64362 | Z489: 250.01096 | AA489: 241.5 | AB489: 98.53056 | AC489: =100-($AB$6-AB489) -> 98.45382
T490: 249.99702 | U490: 242 | V490: 90.46637 | W490: =100-($V$6-V490) -> 94.62377 | Z490: 250.01141 | AA490: 242 | AB490: 98.47909 | AC490: =100-($AB$6-AB490) -> 98.40235
T491: 250.00297 | U491: 242.5 | V491: 90.45618 | W491: =100-($V$6-V491) -> 94.61358 | Z491: 250.00971 | AA491: 242.5 | AB491: 98.3413 | AC491: =100-($AB$6-AB491) -> 98.26456
T492: 250.00297 | U492: 243 | V492: 90.44817 | W492: =100-($V$6-V492) -> 94.60557 | Z492: 250.01232 | AA492: 243 | AB492: 98.45931 | AC492: =100-($AB$6-AB492) -> 98.38257
T493: 250.00802 | U493: 243.5 | V493: 90.43809 | W493: =100-($V$6-V493) -> 94.59549 | Z493: 250.01966 | AA493: 243.5 | AB493: 98.31673 | AC493: =100-($AB$6-AB493) -> 98.23999
T494: 250.00903 | U494: 244 | V494: 90.43621 | W494: =100-($V$6-V494) -> 94.59361 | Z494: 250.0215 | AA494: 244 | AB494: 98.42617 | AC494: =100-($AB$6-AB494) -> 98.34943
T495: 250.00699 | U495: 244.5 | V495: 90.41804 | W495: =100-($V$6-V495) -> 94.57544 | Z495: 250.01781 | AA495: 244.5 | AB495: 98.36693 | AC495: =100-($AB$6-AB495) -> 98.29019
T496: 250.00391 | U496: 245 | V496: 90.40211 | W496: =100-($V$6-V496) -> 94.55951 | Z496: 250.0178 | AA496: 245 | AB496: 98.39789 | AC496: =100-($AB$6-AB496) -> 98.32115
T497: 250 | U497: 245.5 | V497: 90.38604 | W497: =100-($V$6-V497) -> 94.54344 | Z497: 250.0186 | AA497: 245.5 | AB497: 98.38818 | AC497: =100-($AB$6-AB497) -> 98.31144
... T1205: 250.00803 | U1205: 599.5 | V1205: 83.33807 | W1205: =100-($V$6-V1205) -> 87.49547 | Z1205: 250.00981 | AA1205: 599.5 | AB1205: 93.82132 | AC1205: =100-($AB$6-AB1205) -> 93.74458

Sheet Graphing
V34: Diff:
V35: ='All Data'!Q485-'All Data'!K485 -> 2.93008
V52: Diff=
V53: ='All Data'!AC1205-'All Data'!W1205 -> 6.24911 | W53: %

Sheet 200C (Odin)
A1: #EXPORTTYPE: | B1: DATA ALL
A2: #FILE: | B2: WS 500C.ngb-ds1
A3: #FORMAT: | B3: NETZSCH5
A4: #FTYPE: | B4: UNICODE
A5: #IDENTITY: | B5: WS 500C
A6: #MTYPE: | B6: DSC
A7: #INSTRUMENT: | B7: NETZSCH STA 449F1
A8: #PROJECT: | B8: 113397
A9: #DATE/TIME: | B9: 30-10-2025 23:13:54 (UTC+1)
A10: #CORR. FILE: | B10: Correction for method ISOTHERMAL 200C, 20% O2, 30MIN DRYING TIME
A11: #TEMPCAL: | B11: TCALZERO.TCX
A12: #SENSITIVITY: | B12: SENSZERO.EXX
A13: #LABORATORY: | B13: CHEC-053
A14: #OPERATOR: | B14: cornelius
A15: #REMARK:
A16: #SAMPLE: | B16: WS 500C
A17: #SAMPLE MASS /mg: | B17: 4.797775
A18: #MATERIAL: | B18: biochar
A19: #REFERENCE: | B19: ahugo
A20: #REFERENCE MASS /mg: | B20: 0
A21: #TYPE OF CRUCIBLE: | B21: Al2O3 85 µl, open
A22: #SAMPLE CRUCIBLE MASS /mg: | B22: 145.14855
A23: #REFERENCE CRUCIBLE MASS /mg: | B23: 144.16
A24: #PURGE 1 MFC: | B24: OXYGEN,252,5 ml/min
A25: #PURGE 2 MFC: | B25: NITROGEN,250,0 ml/min
A26: #PROTECTIVE MFC: | B26: NITROGEN,250,0 ml/min
A27: #DSC RANGE /µV: | B27: 5000
A28: #TG RANGE /mg: | B28: 5000
A29: #TAU-R: | B29: ---
A30: #CORR. CODE: | B30: 20
A31: #EXO: | B31: 1
A32: #RANGE: | B32: 50°C....200°C/0.0....40.0K/min
A33: #SEGMENT: | B33: S1-4/4
A34: #SEG. 1: | B34: 50°C/40.0(K/min)/105°C
A35: #SEG. 2: | B35: 105°C/00:30/105°C
A36: #SEG. 3: | B36: 105°C/5.0(K/min)/200°C
A37: #SEG. 4: | B37: 200°C/04:00/200°C
A39: ##Temp./°C | B39: Time/min | C39: DSC/(uV/mg) | D39: Mass/% | E39: Gas Flow(purge1)/(ml/min) | F39: Gas Flow(protective)/(ml/min) | G39: Sensit./(uV/mW) | H39: Segment | I39: X_C | J39: Column1 | N39: =MAX(D141:D620) -> 100.31329
A40: 45.775 | B40: 0 | C40: 0.02019547 | D40: 100 | E40: 0 | F40: 100 | G40: 1 | H40: 1
A41: 46.72136 | B41: 0.5 | C41: 0.09413953 | D41: 100.13652 | E41: 0 | F41: 100 | G41: 1 | H41: 1
A42: 49.635 | B42: 1 | C42: 0.67408 | D42: 100.42051 | E42: 0 | F42: 100 | G42: 1 | H42: 1
A43: 57.20943 | B43: 1.5 | C43: 2.47167 | D43: 100.52512 | E43: 0 | F43: 100 | G43: 1 | H43: 2
A44: 68.11292 | B44: 2 | C44: 3.04666 | D44: 100.64245 | E44: 0 | F44: 100 | G44: 1 | H44: 2
A45: 78.56708 | B45: 2.5 | C45: 2.19029 | D45: 100.6958 | E45: 0 | F45: 100 | G45: 1 | H45: 2
A46: 87.63691 | B46: 3 | C46: 1.38101 | D46: 100.62151 | E46: 0 | F46: 100 | G46: 1 | H46: 2
A47: 95.05225 | B47: 3.5 | C47: 0.83764 | D47: 100.49717 | E47: 0 | F47: 100 | G47: 1 | H47: 2
A48: 100.83866 | B48: 4 | C48: 0.49487 | D48: 100.37277 | E48: 0 | F48: 100 | G48: 1 | H48: 2
A49: 105.15734 | B49: 4.5 | C49: 0.27547 | D49: 100.16824 | E49: 0 | F49: 100 | G49: 1 | H49: 2
A50: 108.23689 | B50: 5 | C50: 0.14469 | D50: 100.16949 | E50: 0 | F50: 100 | G50: 1 | H50: 2
A51: 110.37508 | B51: 5.5 | C51: 0.08646078 | D51: 100.14216 | E51: 0 | F51: 100 | G51: 1 | H51: 2
... A566: 200.02312 | B566: 263 | C566: 0.32223 | D566: 99.96124 | E566: 20 | F566: 80 | G566: 1 | H566: 4
A567: 200.02703 | B567: 263.5 | C567: 0.3223 | D567: 100.31329 | E567: 20 | F567: 80 | G567: 1 | H567: 4 | I567: =($N$39-D567)/$L$567 -> 0 | L567: =D567*(1-('225C (Sif)'!J28/100)) -> 82.978265
A568: 200.02619 | B568: 264 | C568: 0.32121 | D568: 99.94615 | E568: 20 | F568: 80 | G568: 1 | H568: 4 | I568: =($N$39-D568)/$L$567 -> 0.0044245321
A569: 200.02648 | B569: 264.5 | C569: 0.3217 | D569: 100.12027 | E569: 20 | F569: 80 | G569: 1 | H569: 4 | I569: =($N$39-D569)/$L$567 -> 0.0023261513
A570: 200.02891 | B570: 265 | C570: 0.32135 | D570: 100.0926 | E570: 20 | F570: 80 | G570: 1 | H570: 4 | I570: =($N$39-D570)/$L$567 -> 0.0026596121
A571: 200.02467 | B571: 265.5 | C571: 0.32104 | D571: 100.06283 | E571: 20 | F571: 80 | G571: 1 | H571: 4 | I571: =($N$39-D571)/$L$567 -> 0.0030183808
A572: 200.02606 | B572: 266 | C572: 0.32064 | D572: 100.07343 | E572: 20 | F572: 80 | G572: 1 | H572: 4 | I572: =($N$39-D572)/$L$567 -> 0.0028906365
A573: 200.02742 | B573: 266.5 | C573: 0.32025 | D573: 100.11321 | E573: 20 | F573: 80 | G573: 1 | H573: 4 | I573: =($N$39-D573)/$L$567 -> 0.0024112338
A574: 200.02616 | B574: 267 | C574: 0.32073 | D574: 100.01105 | E574: 20 | F574: 80 | G574: 1 | H574: 4 | I574: =($N$39-D574)/$L$567 -> 0.0036423996
A575: 200.0263 | B575: 267.5 | C575: 0.32114 | D575: 100.157 | E575: 20 | F575: 80 | G575: 1 | H575: 4 | I575: =($N$39-D575)/$L$567 -> 0.0018835053
A576: 200.02126 | B576: 268 | C576: 0.32065 | D576: 100.02413 | E576: 20 | F576: 80 | G576: 1 | H576: 4 | I576: =($N$39-D576)/$L$567 -> 0.003484768
A577: 200.01816 | B577: 268.5 | C577: 0.32115 | D577: 100.04762 | E577: 20 | F577: 80 | G577: 1 | H577: 4 | I577: =($N$39-D577)/$L$567 -> 0.0032016818
A578: 200.01745 | B578: 269 | C578: 0.32145 | D578: 100.0438 | E578: 20 | F578: 80 | G578: 1 | H578: 4 | I578: =($N$39-D578)/$L$567 -> 0.0032477179
A579: 200.02022 | B579: 269.5 | C579: 0.31934 | D579: 100.06928 | E579: 20 | F579: 80 | G579: 1 | H579: 4 | I579: =($N$39-D579)/$L$567 -> 0.0029406496
... A620: 200.01536 | B620: 290 | C620: 0.31922 | D620: 100.16836 | E620: 20 | F620: 80 | G620: 1 | H620: 4 | I620: =($N$39-D620)/$L$567 -> 0.001746602

Sheet 225C (Sif)
A1: #EXPORTTYPE: | B1: DATA SINGLE
A2: #FILE: | B2: WS.ngb-dt6
A3: #FORMAT: | B3: NETZSCH5
A4: #FTYPE: | B4: UNICODE
A5: #IDENTITY: | B5: WS
A6: #MTYPE: | B6: TG
A7: #INSTRUMENT: | B7: NETZSCH TG 209F3
A8: #PROJECT: | B8: 113397
A9: #DATE/TIME: | B9: 04-11-2025 02:40:05 (UTC+1)
A10: #CORR. FILE: | B10: Correction for method ISOTHERMAL OX 225 20% O2 4H
A11: #TEMPCAL: | B11: TCALZERO.TCX
A12: #LABORATORY: | B12: 53
A13: #OPERATOR: | B13: ahugo
A14: #REMARK: | B14: Initial mass: 4,738
A15: #SAMPLE: | B15: WS
A16: #SAMPLE MASS /mg: | B16: 4.7378
A17: #MATERIAL: | B17: BLANK
A18: #TYPE OF CRUCIBLE: | B18: Al2O3 85 µl, open
A19: #SAMPLE CRUCIBLE MASS /mg: | B19: 144.9061
A20: #REFERENCE CRUCIBLE MASS /mg:
A21: #M.RANGE /mg: | B21: 2000
A22: #CORR. CODE: | B22: 20
A23: #RANGE: | B23: 45°C....225°C/0.0....20.0K/min
A24: #SEGMENT: | B24: S1-5/5
A25: #SEG. 1: | B25: 45°C/20.0(K/min)/105°C
A26: #SEG. 2: | B26: 105°C/00:30/105°C
A27: #SEG. 3: | B27: 105°C/5.0(K/min)/225°C
A28: #SEG. 4: | B28: 225°C/00:30/225°C | J28: 17.280886
A29: #SEG. 5: | B29: 225°C/04:00/225°C
H30: =MAX(C205:C684) -> 96.28792 | I30: m0 * (1-ash)
A31: ##Temp./°C | B31: Time/min | C31: Mass/% | D31: Segment | E31: X_C | I31: =H30*(1-J28/100) -> 79.648515
A32: 47.871 | B32: 0.5 | C32: 99.96412 | D32: 1
A33: 53.566 | B33: 1 | C33: 99.94934 | D33: 1
A34: 61.289 | B34: 1.5 | C34: 99.89869 | D34: 1
A35: 70.648 | B35: 2 | C35: 99.79737 | D35: 1
A36: 81.043 | B36: 2.5 | C36: 99.67918 | D36: 1
A37: 92.07991 | B37: 3 | C37: 99.53818 | D37: 2
A38: 101.27861 | B38: 3.5 | C38: 99.27603 | D38: 2
A39: 106.38947 | B39: 4 | C39: 99.17752 | D39: 2
A40: 108.86304 | B40: 4.5 | C40: 99.03844 | D40: 2
A41: 109.72013 | B41: 5 | C41: 98.99681 | D41: 2
A42: 109.62551 | B42: 5.5 | C42: 98.91055 | D42: 2
A43: 109.04098 | B43: 6 | C43: 98.88953 | D43: 2
... A218: 224.97686 | B218: 93.5 | C218: 96.25283 | D218: 5
A219: 224.97709 | B219: 94 | C219: 96.28792 | D219: 5 | E219: =($C$219-C219)/$I$31 -> 0
A220: 224.98104 | B220: 94.5 | C220: 96.27674 | D220: 5 | E220: =($C$219-C220)/$I$31 -> 0.00014036671
A221: 224.98303 | B221: 95 | C221: 96.27496 | D221: 5 | E221: =($C$219-C221)/$I$31 -> 0.0001627149
A222: 224.98508 | B222: 95.5 | C222: 96.26048 | D222: 5 | E222: =($C$219-C222)/$I$31 -> 0.00034451364
A223: 224.98995 | B223: 96 | C223: 96.25803 | D223: 5 | E223: =($C$219-C223)/$I$31 -> 0.00037527379
A224: 224.99402 | B224: 96.5 | C224: 96.24502 | D224: 5 | E224: =($C$219-C224)/$I$31 -> 0.00053861645
A225: 224.9921 | B225: 97 | C225: 96.24082 | D225: 5 | E225: =($C$219-C225)/$I$31 -> 0.00059134813
A226: 224.99204 | B226: 97.5 | C226: 96.24073 | D226: 5 | E226: =($C$219-C226)/$I$31 -> 0.00059247809
A227: 224.99203 | B227: 98 | C227: 96.22842 | D227: 5 | E227: =($C$219-C227)/$I$31 -> 0.00074703214
A228: 224.99396 | B228: 98.5 | C228: 96.24904 | D228: 5 | E228: =($C$219-C228)/$I$31 -> 0.0004881447
A229: 224.99201 | B229: 99 | C229: 96.22626 | D229: 5 | E229: =($C$219-C229)/$I$31 -> 0.00077415129
A230: 224.99487 | B230: 99.5 | C230: 96.2369 | D230: 5 | E230: =($C$219-C230)/$I$31 -> 0.00064056436
... A684: 225.00789 | B684: 326.5 | C684: 93.39655 | D684: 5 | E684: =($C$219-C684)/$I$31 -> 0.036301619

Sheet 225C (Odin)
A1: #EXPORTTYPE: | B1: DATA ALL
A2: #FILE: | B2: WS500.ngb-ds1
A3: #FORMAT: | B3: NETZSCH5
A4: #FTYPE: | B4: UNICODE
A5: #IDENTITY: | B5: WS500
A6: #MTYPE: | B6: DSC
A7: #INSTRUMENT: | B7: NETZSCH STA 449F1
A8: #PROJECT: | B8: 113397
A9: #DATE/TIME: | B9: 13-11-2025 02:12:49 (UTC+1)
A10: #CORR. FILE: | B10: Correction for method 225C 20% O2, ISOTHERMAL 4H
A11: #TEMPCAL: | B11: TCALZERO.TCX
A12: #SENSITIVITY: | B12: SENSZERO.EXX
A13: #LABORATORY: | B13: CHEC-053
A14: #OPERATOR: | B14: AHUGO, CORNELIUS
A15: #REMARK:
A16: #SAMPLE: | B16: WS500
A17: #SAMPLE MASS /mg: | B17: 4.51745
A18: #MATERIAL: | B18: biochar
A19: #REFERENCE: | B19: ahugo
A20: #REFERENCE MASS /mg: | B20: 0
A21: #TYPE OF CRUCIBLE: | B21: Al2O3 85 µl, open
A22: #SAMPLE CRUCIBLE MASS /mg: | B22: 141.77947
A23: #REFERENCE CRUCIBLE MASS /mg: | B23: 143.75
A24: #PURGE 1 MFC: | B24: OXYGEN,252,5 ml/min
A25: #PURGE 2 MFC: | B25: NITROGEN,250,0 ml/min
A26: #PROTECTIVE MFC: | B26: NITROGEN,250,0 ml/min
A27: #DSC RANGE /µV: | B27: 5000
A28: #TG RANGE /mg: | B28: 5000
A29: #TAU-R: | B29: ---
A30: #CORR. CODE: | B30: 20
A31: #EXO: | B31: 1
A32: #RANGE: | B32: 50°C....225°C/0.0....40.0K/min
A33: #SEGMENT: | B33: S1-4/4
A34: #SEG. 1: | B34: 50°C/40.0(K/min)/105°C
A35: #SEG. 2: | B35: 105°C/00:30/105°C | J35: Max Point Isothermal:
A36: #SEG. 3: | B36: 105°C/5.0(K/min)/225°C | J36: =MAX(D103:D630) -> 100.87651
A37: #SEG. 4: | B37: 225°C/04:00/225°C
A39: ##Temp./°C | B39: Time/min | C39: DSC/(uV/mg) | D39: Mass/% | E39: Gas Flow(purge1)/(ml/min) | F39: Gas Flow(protective)/(ml/min) | G39: Sensit./(uV/mW) | H39: Segment | I39: X_C | J39: Column1
A40: 50.868 | B40: 0 | C40: -0.02279977 | D40: 100 | E40: 0 | F40: 100 | G40: 1 | H40: 1
A41: 51.09036 | B41: 0.5 | C41: 0.04914619 | D41: 100.13282 | E41: 0 | F41: 100 | G41: 1 | H41: 1
A42: 53.107 | B42: 1 | C42: 0.51072 | D42: 100.46597 | E42: 0 | F42: 100 | G42: 1 | H42: 1
A43: 59.58274 | B43: 1.5 | C43: 2.00874 | D43: 100.65505 | E43: 0 | F43: 100 | G43: 1 | H43: 2
A44: 69.72223 | B44: 2 | C44: 2.52641 | D44: 100.88564 | E44: 0 | F44: 100 | G44: 1 | H44: 2
A45: 79.65331 | B45: 2.5 | C45: 1.79754 | D45: 101.04924 | E45: 0 | F45: 100 | G45: 1 | H45: 2
A46: 88.32981 | B46: 3 | C46: 1.10874 | D46: 101.05613 | E46: 0 | F46: 100 | G46: 1 | H46: 2
A47: 95.4356 | B47: 3.5 | C47: 0.65041 | D47: 101.27918 | E47: 0 | F47: 100 | G47: 1 | H47: 2
A48: 100.97314 | B48: 4 | C48: 0.36443 | D48: 100.94564 | E48: 0 | F48: 100 | G48: 1 | H48: 2
A49: 105.08561 | B49: 4.5 | C49: 0.18697 | D49: 100.84709 | E49: 0 | F49: 100 | G49: 1 | H49: 2
A50: 107.98381 | B50: 5 | C50: 0.0802075 | D50: 100.97549 | E50: 0 | F50: 100 | G50: 1 | H50: 2
A51: 109.94803 | B51: 5.5 | C51: 0.03633742 | D51: 100.79623 | E51: 0 | F51: 100 | G51: 1 | H51: 2
... A362: 225.02231 | B362: 161 | C362: 0.42567 | D362: 100.80548 | E362: 20 | F362: 80 | G362: 1 | H362: 4
A363: 225.0199 | B363: 161.5 | C363: 0.42397 | D363: 100.87651 | E363: 20 | F363: 80 | G363: 1 | H363: 4 | I363: =($D$363-D363)/($D$363*(1-'225C (Sif)'!$J$28/100)) -> 0 | J363: =($D$363*(1-('225C (Sif)'!$J$28/100))) -> 83.444156
A364: 225.01866 | B364: 162 | C364: 0.42239 | D364: 100.64504 | E364: 20 | F364: 80 | G364: 1 | H364: 4 | I364: =($D$363-D364)/($D$363*(1-'225C (Sif)'!$J$28/100)) -> 0.002773951
A365: 225.01852 | B365: 162.5 | C365: 0.42331 | D365: 100.72874 | E365: 20 | F365: 80 | G365: 1 | H365: 4 | I365: =($D$363-D365)/($D$363*(1-'225C (Sif)'!$J$28/100)) -> 0.001770885
A366: 225.01467 | B366: 163 | C366: 0.42226 | D366: 100.69535 | E366: 20 | F366: 80 | G366: 1 | H366: 4 | I366: =($D$363-D366)/($D$363*(1-'225C (Sif)'!$J$28/100)) -> 0.0021710328
A367: 225.01648 | B367: 163.5 | C367: 0.42299 | D367: 100.58591 | E367: 20 | F367: 80 | G367: 1 | H367: 4 | I367: =($D$363-D367)/($D$363*(1-'225C (Sif)'!$J$28/100)) -> 0.0034825687
A368: 225.01657 | B368: 164 | C368: 0.42169 | D368: 100.77172 | E368: 20 | F368: 80 | G368: 1 | H368: 4 | I368: =($D$363-D368)/($D$363*(1-'225C (Sif)'!$J$28/100)) -> 0.0012558099
A369: 225.01882 | B369: 164.5 | C369: 0.42192 | D369: 100.63587 | E369: 20 | F369: 80 | G369: 1 | H369: 4 | I369: =($D$363-D369)/($D$363*(1-'225C (Sif)'!$J$28/100)) -> 0.0028838449
A370: 225.01817 | B370: 165 | C370: 0.42113 | D370: 100.68173 | E370: 20 | F370: 80 | G370: 1 | H370: 4 | I370: =($D$363-D370)/($D$363*(1-'225C (Sif)'!$J$28/100)) -> 0.0023342558
A371: 225.01315 | B371: 165.5 | C371: 0.42162 | D371: 100.71635 | E371: 20 | F371: 80 | G371: 1 | H371: 4 | I371: =($D$363-D371)/($D$363*(1-'225C (Sif)'!$J$28/100)) -> 0.0019193675
A372: 225.01387 | B372: 166 | C372: 0.42131 | D372: 100.7255 | E372: 20 | F372: 80 | G372: 1 | H372: 4 | I372: =($D$363-D372)/($D$363*(1-'225C (Sif)'!$J$28/100)) -> 0.0018097133
A373: 225.01799 | B373: 166.5 | C373: 0.42177 | D373: 100.72528 | E373: 20 | F373: 80 | G373: 1 | H373: 4 | I373: =($D$363-D373)/($D$363*(1-'225C (Sif)'!$J$28/100)) -> 0.0018123498
A374: 225.02154 | B374: 167 | C374: 0.42017 | D374: 100.73965 | E374: 20 | F374: 80 | G374: 1 | H374: 4 | I374: =($D$363-D374)/($D$363*(1-'225C (Sif)'!$J$28/100)) -> 0.0016401388
A375: 225.02242 | B375: 167.5 | C375: 0.42195 | D375: 100.71036 | E375: 20 | F375: 80 | G375: 1 | H375: 4 | I375: =($D$363-D375)/($D$363*(1-'225C (Sif)'!$J$28/100)) -> 0.001991152
... A630: 225.01836 | B630: 295 | C630: 0.38061 | D630: 100.29863 | E630: 20 | F630: 80 | G630: 1 | H630: 4 | I630: =($D$363-D630)/($D$363*(1-'225C (Sif)'!$J$28/100)) -> 0.0069253502

Sheet 250C (Sif)
A1: #EXPORTTYPE: | B1: DATA SINGLE
A2: #FILE: | B2: WS500.ngb-dt6
A3: #FORMAT: | B3: NETZSCH5
A4: #FTYPE: | B4: UNICODE
A5: #IDENTITY: | B5: WS500
A6: #MTYPE: | B6: TG
A7: #INSTRUMENT: | B7: NETZSCH TG 209F3
A8: #PROJECT: | B8: 113397
A9: #DATE/TIME: | B9: 01-11-2025 11:59:41 (UTC+1)
A10: #CORR. FILE: | B10: Correction for method CHAR ISOTHERMAL 10H 250C 20% O2
A11: #TEMPCAL: | B11: TCALZERO.TCX
A12: #LABORATORY: | B12: 53
A13: #OPERATOR: | B13: ahugo
A14: #REMARK: | B14: Initial mass: 4,984
A15: #SAMPLE: | B15: WS500
A16: #SAMPLE MASS /mg: | B16: 4.9844
A17: #MATERIAL: | B17: empty
A18: #TYPE OF CRUCIBLE: | B18: Al2O3 85 µl, open
A19: #SAMPLE CRUCIBLE MASS /mg: | B19: 144.7566
A20: #REFERENCE CRUCIBLE MASS /mg:
A21: #M.RANGE /mg: | B21: 2000
A22: #CORR. CODE: | B22: 20
A23: #RANGE: | B23: 45°C....250°C/0.0....40.0K/min
A24: #SEGMENT: | B24: S1-5/5
A25: #SEG. 1: | B25: 45°C/40.0(K/min)/105°C
A26: #SEG. 2: | B26: 105°C/00:30/105°C
A27: #SEG. 3: | B27: 105°C/5.0(K/min)/250°C
A28: #SEG. 4: | B28: 250°C/00:30/250°C
A29: #SEG. 5: | B29: 250°C/10:00/250°C
A31: ##Temp./°C | B31: Time/min | C31: Mass/% | D31: Segment | E31: X_C | I31: =MAX(C212:C1411) -> 96.47508
A32: 50.621 | B32: 0.5 | C32: 100.04815 | D32: 1
A33: 62.413 | B33: 1 | C33: 99.94583 | D33: 1
A34: 78.79068 | B34: 1.5 | C34: 99.79608 | D34: 2
A35: 94.29439 | B35: 2 | C35: 99.53626 | D35: 2
A36: 103.11173 | B36: 2.5 | C36: 99.3535 | D36: 2
A37: 107.74029 | B37: 3 | C37: 99.19534 | D37: 2
A38: 109.78288 | B38: 3.5 | C38: 99.07892 | D38: 2
A39: 110.26891 | B39: 4 | C39: 99.0029 | D39: 2
A40: 109.88389 | B40: 4.5 | C40: 98.95064 | D40: 2
A41: 109.08945 | B41: 5 | C41: 98.90851 | D41: 2
A42: 108.14733 | B42: 5.5 | C42: 98.85437 | D42: 2
A43: 107.23842 | B43: 6 | C43: 98.84629 | D43: 2
... A226: 249.959 | B226: 97.5 | C226: 96.46901 | D226: 5
A227: 249.961 | B227: 98 | C227: 96.47508 | D227: 5 | E227: =($C$227-C227)/$G$227 -> 0 | G227: =C227*(1-('225C (Sif)'!J28/100)) -> 79.803332
A228: 249.97202 | B228: 98.5 | C228: 96.46475 | D228: 5 | E228: =($C$227-C228)/$G$227 -> 0.00012944322
A229: 249.97604 | B229: 99 | C229: 96.44696 | D229: 5 | E229: =($C$227-C229)/$G$227 -> 0.00035236624
A230: 249.97503 | B230: 99.5 | C230: 96.47302 | D230: 5 | E230: =($C$227-C230)/$G$227 -> 2.5813459e-05
A231: 249.97391 | B231: 100 | C231: 96.47501 | D231: 5 | E231: =($C$227-C231)/$G$227 -> 8.7715636e-07
A232: 249.98199 | B232: 100.5 | C232: 96.43495 | D232: 5 | E232: =($C$227-C232)/$G$227 -> 0.00050286121
A233: 249.97601 | B233: 101 | C233: 96.45291 | D233: 5 | E233: =($C$227-C233)/$G$227 -> 0.00027780795
A234: 249.98201 | B234: 101.5 | C234: 96.45305 | D234: 5 | E234: =($C$227-C234)/$G$227 -> 0.00027605364
A235: 249.98399 | B235: 102 | C235: 96.43273 | D235: 5 | E235: =($C$227-C235)/$G$227 -> 0.0005306796
A236: 249.98898 | B236: 102.5 | C236: 96.4247 | D236: 5 | E236: =($C$227-C236)/$G$227 -> 0.00063130196
A237: 249.989 | B237: 103 | C237: 96.43291 | D237: 5 | E237: =($C$227-C237)/$G$227 -> 0.00052842405
A238: 249.98996 | B238: 103.5 | C238: 96.42088 | D238: 5 | E238: =($C$227-C238)/$G$227 -> 0.00067916964
A239: 249.98804 | B239: 104 | C239: 96.42074 | D239: 5 | E239: =($C$227-C239)/$G$227 -> 0.00068092395
... A1411: 250.00803 | B1411: 690 | C1411: 83.33807 | D1411: 5 | E1411: =($C$227-C1411)/$G$227 -> 0.16461731

Sheet 250C (Odin)
A1: #EXPORTTYPE: | B1: DATA ALL
A2: #FILE: | B2: WS500.ngb-ds1
A3: #FORMAT: | B3: NETZSCH5
A4: #FTYPE: | B4: UNICODE
A5: #IDENTITY: | B5: WS500
A6: #MTYPE: | B6: DSC
A7: #INSTRUMENT: | B7: NETZSCH STA 449F1
A8: #PROJECT: | B8: 113397
A9: #DATE/TIME: | B9: 15-11-2025 18:03:55 (UTC+1)
A10: #CORR. FILE: | B10: Correction for method ISOTHERMAL 250C 20% O2 10H HOLD
A11: #TEMPCAL: | B11: TCALZERO.TCX
A12: #SENSITIVITY: | B12: SENSZERO.EXX
A13: #LABORATORY: | B13: CHEC-053
A14: #OPERATOR: | B14: CORNELIUS
A15: #REMARK:
A16: #SAMPLE: | B16: WS500
A17: #SAMPLE MASS /mg: | B17: 4.91565
A18: #MATERIAL: | B18: empty
A19: #REFERENCE: | B19: ahugo
A20: #REFERENCE MASS /mg: | B20: 0
A21: #TYPE OF CRUCIBLE: | B21: Al2O3 85 µl, open
A22: #SAMPLE CRUCIBLE MASS /mg: | B22: 143.50405
A23: #REFERENCE CRUCIBLE MASS /mg: | B23: 143.75
A24: #PURGE 1 MFC: | B24: OXYGEN,252,5 ml/min
A25: #PURGE 2 MFC: | B25: NITROGEN,250,0 ml/min
A26: #PROTECTIVE MFC: | B26: NITROGEN,250,0 ml/min
A27: #DSC RANGE /µV: | B27: 5000
A28: #TG RANGE /mg: | B28: 5000
A29: #TAU-R: | B29: ---
A30: #CORR. CODE: | B30: 20
A31: #EXO: | B31: 1
A32: #RANGE: | B32: 45°C....250°C/0.0....40.0K/min
A33: #SEGMENT: | B33: S1-5/5
A34: #SEG. 1: | B34: 45°C/40.0(K/min)/110°C
A35: #SEG. 2: | B35: 110°C/00:30/110°C
A36: #SEG. 3: | B36: 110°C/5.0(K/min)/250°C
A37: #SEG. 4: | B37: 250°C/00:30/250°C
A38: #SEG. 5: | B38: 250°C/10:00/250°C
A40: ##Temp./°C | B40: Time/min | C40: DSC/(uV/mg) | D40: Mass/% | E40: Gas Flow(purge1)/(ml/min) | F40: Gas Flow(protective)/(ml/min) | G40: Sensit./(uV/mW) | H40: Segment
A41: 45.759 | B41: 0 | C41: -0.02685068 | D41: 100 | E41: 0 | F41: 100 | G41: 1 | H41: 1
A42: 45.96827 | B42: 0.5 | C42: 0.0223497 | D42: 100.19733 | E42: 0 | F42: 100 | G42: 1 | H42: 1
A43: 47.90555 | B43: 1 | C43: 0.34301 | D43: 100.75778 | E43: 0 | F43: 100 | G43: 1 | H43: 1
A44: 54.18391 | B44: 1.5 | C44: 1.51078 | D44: 101.24348 | E44: 0 | F44: 100 | G44: 1 | H44: 1
A45: 66.0822 | B45: 2 | C45: 2.87966 | D45: 101.58556 | E45: 0 | F45: 100 | G45: 1 | H45: 2
A46: 78.49789 | B46: 2.5 | C46: 2.23606 | D46: 101.97287 | E46: 0 | F46: 100 | G46: 1 | H46: 2
A47: 89.55484 | B47: 3 | C47: 1.31665 | D47: 101.92425 | E47: 0 | F47: 100 | G47: 1 | H47: 2
A48: 98.68565 | B48: 3.5 | C48: 0.68588 | D48: 101.94496 | E48: 0 | F48: 100 | G48: 1 | H48: 2
A49: 105.84793 | B49: 4 | C49: 0.3269 | D49: 101.73781 | E49: 0 | F49: 100 | G49: 1 | H49: 2
A50: 111.22451 | B50: 4.5 | C50: 0.12745 | D50: 101.81237 | E50: 0 | F50: 100 | G50: 1 | H50: 2
A51: 115.09438 | B51: 5 | C51: 0.02597943 | D51: 101.73795 | E51: 0 | F51: 100 | G51: 1 | H51: 2
A52: 117.80509 | B52: 5.5 | C52: 0.0004885009 | D52: 101.62478 | E52: 0 | F52: 100 | G52: 1 | H52: 2
... A1420: 250.00981 | B1420: 689.5 | C1420: 0.4232 | D1420: 93.82132 | E1420: 20 | F1420: 80 | G1420: 1 | H1420: 5
